,Hotel Name,Final Price,Ratings,Ratings Count,Ratings Summary,Wizard Member,Original Price,Location,City
0,OYO 70927 Hotel Hyderabad Continental,621,4.2,1640,Very Good,WIZARD MEMBER,1992,"Near Tarakarama Theatre, Sultan Bazar, Hyderabad",Hyderabad
1,Super OYO Townhouse OAK Hotel N7 Elite,599,4.6,32,Excellent,WIZARD MEMBER,3869,"Champapet, Hyderabad",Hyderabad
2,SPOT ON 37214 Classic Lodge,500,4.4,1661,Very Good,NON WIZARD MEMBER,1700,"Near Board Of Intermediate Office, Hyderabad",Hyderabad
3,OYO Hotel Aroma Classic Near Charminar,599,3.9,584,Good,WIZARD MEMBER,2233,"15-1-309 Feelkhana Near Acharaya Bhavan Baba Ramdav Mandir Bagum Bazar Hyderabad, Hyderabad",Hyderabad
4,OYO Raja Residency Near Snow World,906,4.2,3741,Very Good,NON WIZARD MEMBER,2588,"Near Raja Deluxe Complex, Musheerabad, Hyderabad",Hyderabad
5,SPOT ON Hotel Rk Residency Near Charminar,530,3.0,524,Fair,WIZARD MEMBER,1951,"Near Jaam Bagh, Hindustani Lane, Hyderabad",Hyderabad
6,OYO Nav Bharath Residency Near Charminar,899,4.3,1400,Very Good,NON WIZARD MEMBER,2854,"Near Central Gurudwara Saheb, Gowliguda, Hyderabad",Hyderabad
7,OYO Hotel Aroma Classic Near Birla Mandir,699,4.1,802,Very Good,WIZARD MEMBER,1851,"Ghosha Mahal, Hyderabad",Hyderabad
8,OYO 40852 Hotel White Ridge,699,3.7,2062,Good,NON WIZARD MEMBER,3652,"Near Dilsukhnagar metro station, Krishna Nagar, Hyderabad.",Hyderabad
9,OYO 88350 Hanuma Residency,685,4.2,1262,Very Good,WIZARD MEMBER,2404,Behind OZONE Hospital,Hyderabad
10,Collection O 80977E SS Metro Ritz,937,3.9,74,Good,WIZARD MEMBER,3144,"Ameerpet, Hyderabad",Hyderabad
11,Super OYO FLAGSHIP 807831 Vasista Residency,720,4.2,35,Very Good,NON WIZARD MEMBER,3640,", Hyderabad",Hyderabad
12,Super OYO Flagship Sai Mansion Near Habsiguda Metro Station,599,4.0,92,Very Good,NON WIZARD MEMBER,2265,"Maruthi Nagar, Hyderabad",Hyderabad
13,OYO Flagship 702702 Hotel Akshaya Residency Near BBR Super speciality Hospital,549,3.9,358,Good,NON WIZARD MEMBER,3017,"Malkajgiri, Hyderabad",Hyderabad
14,OYO Flagship Hotel Elite Stay Near Habsiguda Metro Station,638,3.9,291,Good,NON WIZARD MEMBER,2393,"Secunderabad, Hyderabad",Hyderabad
15,SPOT ON Al Nizam Guest House Near Charminar,555,3.2,11,Fair,NON WIZARD MEMBER,2708,"Nayapul, Hyderabad",Hyderabad
16,SPOT ON 807530 Blue Star Lodge,571,3.2,18,Fair,NON WIZARD MEMBER,1814,"Nampally, Hyderabad",Hyderabad
17,OYO Townhouse White Ridge 112 Shivam Road Near Shanti Theatre,1382,4.2,2223,Very Good,NON WIZARD MEMBER,4396,"New Nallakunta, Hyderabad",Hyderabad
18,SPOT ON Mohit Gokul Lodge New Room's Near Snow World,550,3.4,785,Fair,WIZARD MEMBER,1602,"Near To Secunderbad East Metro Rail Station, Hyderabad",Hyderabad
19,OYO Townhouse 359 Begumpet Near Hyderabad Central,1427,4.6,2829,Excellent,NON WIZARD MEMBER,4856,"Vinn Hospital, Begumpet, Hyderabad",Hyderabad
20,OYO 70927 Hotel Hyderabad Continental,621,4.2,1640,Very Good,WIZARD MEMBER,1992,"Near Tarakarama Theatre, Sultan Bazar, Hyderabad",Hyderabad
21,Super OYO Townhouse OAK Hotel N7 Elite,599,4.6,32,Excellent,WIZARD MEMBER,3869,"Champapet, Hyderabad",Hyderabad
22,SPOT ON 37214 Classic Lodge,500,4.4,1661,Very Good,NON WIZARD MEMBER,1700,"Near Board Of Intermediate Office, Hyderabad",Hyderabad
23,OYO Hotel Aroma Classic Near Charminar,599,3.9,584,Good,WIZARD MEMBER,2233,"15-1-309 Feelkhana Near Acharaya Bhavan Baba Ramdav Mandir Bagum Bazar Hyderabad, Hyderabad",Hyderabad
24,OYO Raja Residency Near Snow World,906,4.2,3741,Very Good,NON WIZARD MEMBER,2588,"Near Raja Deluxe Complex, Musheerabad, Hyderabad",Hyderabad
25,SPOT ON Hotel Rk Residency Near Charminar,530,3.0,524,Fair,WIZARD MEMBER,1951,"Near Jaam Bagh, Hindustani Lane, Hyderabad",Hyderabad
26,OYO Nav Bharath Residency Near Charminar,899,4.3,1400,Very Good,NON WIZARD MEMBER,2854,"Near Central Gurudwara Saheb, Gowliguda, Hyderabad",Hyderabad
27,OYO Hotel Aroma Classic Near Birla Mandir,699,4.1,802,Very Good,WIZARD MEMBER,1851,"Ghosha Mahal, Hyderabad",Hyderabad
28,OYO 40852 Hotel White Ridge,699,3.7,2062,Good,NON WIZARD MEMBER,3652,"Near Dilsukhnagar metro station, Krishna Nagar, Hyderabad.",Hyderabad
29,Collection O 80977E SS Metro Ritz,937,3.9,74,Good,WIZARD MEMBER,3144,"Ameerpet, Hyderabad",Hyderabad
30,OYO 88350 Hanuma Residency,685,4.2,1262,Very Good,WIZARD MEMBER,2404,Behind OZONE Hospital,Hyderabad
31,Super OYO FLAGSHIP 807831 Vasista Residency,720,4.2,35,Very Good,NON WIZARD MEMBER,3640,", Hyderabad",Hyderabad
32,Super OYO Flagship Sai Mansion Near Habsiguda Metro Station,599,4.0,92,Very Good,NON WIZARD MEMBER,2265,"Maruthi Nagar, Hyderabad",Hyderabad
33,OYO Flagship 702702 Hotel Akshaya Residency Near BBR Super speciality Hospital,549,3.9,358,Good,NON WIZARD MEMBER,3017,"Malkajgiri, Hyderabad",Hyderabad
34,SPOT ON Al Nizam Guest House Near Charminar,555,3.2,11,Fair,NON WIZARD MEMBER,2708,"Nayapul, Hyderabad",Hyderabad
35,OYO Flagship Hotel Elite Stay Near Habsiguda Metro Station,638,3.9,291,Good,NON WIZARD MEMBER,2393,"Secunderabad, Hyderabad",Hyderabad
36,SPOT ON Mohit Gokul Lodge New Room's Near Snow World,550,3.4,785,Fair,WIZARD MEMBER,1602,"Near To Secunderbad East Metro Rail Station, Hyderabad",Hyderabad
37,SPOT ON 807530 Blue Star Lodge,571,3.2,18,Fair,NON WIZARD MEMBER,1814,"Nampally, Hyderabad",Hyderabad
38,OYO Townhouse White Ridge 112 Shivam Road Near Shanti Theatre,1382,4.2,2223,Very Good,NON WIZARD MEMBER,4396,"New Nallakunta, Hyderabad",Hyderabad
39,OYO Townhouse 359 Begumpet Near Hyderabad Central,1427,4.6,2829,Excellent,NON WIZARD MEMBER,4856,"Vinn Hospital, Begumpet, Hyderabad",Hyderabad
40,OYO Townhouse 359 Begumpet Near Hyderabad Central,1427,4.6,2829,Excellent,NON WIZARD MEMBER,4856,"Vinn Hospital, Begumpet, Hyderabad",Hyderabad
41,Capital O Hotel Samrat Palace Near Birla Mandir,682,2.9,175,Fair,WIZARD MEMBER,2712,"Abids, Hyderabad",Hyderabad
42,Super OYO 79037 Metro Lodge,641,3.9,362,Good,WIZARD MEMBER,2366,"Charminar, Hyderabad",Hyderabad
43,OYO Townhouse 196 De Alphabet,1556,4.3,2978,Very Good,NON WIZARD MEMBER,4447,"Near Sai Baba Temple, Gudimalkapur, Hyderabad",Hyderabad
44,OYOFlagship Hotel R Square Near LB Nagar Metro Station,628,3.3,82,Fair,NON WIZARD MEMBER,2447,"Hyderabad, Hyderabad",Hyderabad
45,Hotel KS Suites - New Simran Palace Nearby Paradise,399,3.3,215,Fair,WIZARD MEMBER,2424,"Near Paradise Circle, Hyderabad",Hyderabad
46,Flagship Langar Houz Near Golconda Fort,844,4.1,241,Very Good,NON WIZARD MEMBER,2412,"Bapu Nagar, Hyderabad",Hyderabad
47,Capital O 71317 White Ridge,1033,4.3,1682,Very Good,NON WIZARD MEMBER,3225,"Near Khazana Jewellery, Dilsukhnagar, Hyderabad",Hyderabad
48,OYO Townhouse 600 Gangothri,1602,4.5,2963,Excellent,NON WIZARD MEMBER,4577,Near RP Road BUS STOP,Hyderabad
49,OYO Hotel Pariwar Inn Near Charminar,664,5.0,1,Fabulous,NON WIZARD MEMBER,2499,"Ghansi Bazaar, Hyderabad",Hyderabad
50,OYO16428 Hotel Vaishnavi Inn ,966,4.2,2269,Very Good,WIZARD MEMBER,2765,"Secunderabad, Hyderabad",Hyderabad
51,Super OYO Capital O Alpine Glow Sunrise Near Hyderabad Central,1130,4.4,1013,Very Good,NON WIZARD MEMBER,3682,"Near RBI Quarters, Begumpet, Hyderabad",Hyderabad
52,Super OYO Townhouse 265 RCC Elite,2021,5.0,3279,Fabulous,WIZARD MEMBER,6295,"Opp To J S Babu Silks, Hyderabad",Hyderabad
53,Collection O 86887 RCC Pristine,1442,5.0,1669,Fabulous,WIZARD MEMBER,5104,"Ameerpet, Hyderabad",Hyderabad
54,Collection O Hotel Lotus Grand Near Snow World,1468,4.0,2671,Very Good,NON WIZARD MEMBER,4194,"Secunderabad, Hyderabad",Hyderabad
55,Super OYO Capital O 11079 Hotel Prestige,1686,4.6,4024,Excellent,NON WIZARD MEMBER,4818,"Centrally Located, Near Sun Shine Hospital, Paradise Road, Hyderabad",Hyderabad
56,SPOT ON Hotel Baba Classic Near Snow World,399,2.6,290,Fair,WIZARD MEMBER,1814,"Monda Market, Hyderabad",Hyderabad
57,OYO Flagship 809104 HRR Hospitality Pvt LTD,626,3.7952136752136747,1015,Very Good,NON WIZARD MEMBER,2130,"Hyderabad, Hyderabad",Hyderabad
58,Super OYO Capital O Townvilla Guest House Near Hyderabad Central,1670,4.8,1739,Excellent,WIZARD MEMBER,4771,"Near Indo US Super Speciality Hospital, Ameerpet, Hyderabad",Hyderabad
59,Capital O 10225  Wild Wings Hotel Near Omni Hospital Lane Nagole main road,1118,3.9,777,Good,NON WIZARD MEMBER,3974,Beside Essar Petrol Pump,Hyderabad
60,OYO Hotel Aadaab Near Birla Mandir,611,2.6,207,Fair,WIZARD MEMBER,2197,"Near Nampally railway station, Mahesh Nagar, Hyderabad",Hyderabad
61,OYO Hotel Srujana Stay Inn ,1154,3.9,1449,Good,NON WIZARD MEMBER,3297,"Nampally, Hyderabad",Hyderabad
62,Capital O Hotel Central Park Near Birla Mandir,2244,4.3,1103,Very Good,NON WIZARD MEMBER,6412,"Hyderguda, Hyderabad",Hyderabad
63,SPOT ON 808719 Sai Manikanta Palace,793,2.5,87,Fair,NON WIZARD MEMBER,2265,"PANJAGUTTA, Hyderabad",Hyderabad
64,SPOT ON Gayatri Lodge Near Snow World,500,3.9,701,Good,WIZARD MEMBER,1650,"Ranigunj, Hyderabad",Hyderabad
65,Flagship Ramoji Kothapet Near Miraj Cinemas - Shalini Shivani,703,3.9,1653,Good,NON WIZARD MEMBER,2162,"Kothapet, Hyderabad",Hyderabad
66,Super OYO 87887 Alpine Glow Crest,1221,5.0,771,Fabulous,NON WIZARD MEMBER,3488,"Shop No. 10-4-A/130/2, Addagutta Road, Teachers Colony, East Marredpally",Hyderabad
67,OYO Athithi Inn Near Hyderabad Central,1190,3.5,2558,Good,WIZARD MEMBER,3664,"Near Maithrivanam Complex, Ameerpet, Hyderabad",Hyderabad
68,OYO Home 79961 Comfortable Stays Near Asman Gadh Current Office,806,3.8,788,Good,WIZARD MEMBER,2304,"Karan Bagh, Hyderabad",Hyderabad
69,OYO Flagship 809794 Hotel Lavish Stay,788,3.7952136752136747,1015,Very Good,NON WIZARD MEMBER,2251,"Chaitanyapuri, Hyderabad",Hyderabad
70,OYO14726 Hotel Vaishnavi Park ,1036,3.5,1362,Good,NON WIZARD MEMBER,3013,"Near Monda Market, Shivaji Nagar, Hyderabad",Hyderabad
71,SPOT ON 809378  Bhavani Rest Rooms,555,3.1,15,Fair,NON WIZARD MEMBER,1718,"Monda Market, Hyderabad",Hyderabad
72,Capital O Sri Suprabhat Grand Near Snow World,1452,3.9,496,Good,WIZARD MEMBER,4149,"Nera Venkataramana Theater, Hyderabad",Hyderabad
73,SPOT ON Sri Sai Lohith Lodge Near Snow World,699,3.3,126,Fair,NON WIZARD MEMBER,2170,"Red Cross Road, Hyderabad",Hyderabad
74,Super OYO Capital O Alpine Glow Pinnacle,1106,4.5,2687,Excellent,NON WIZARD MEMBER,3159,"Near Veg Market, Bowenpally, Hyderabad",Hyderabad
75,Capital O The City Park Near Birla Mandir,1086,3.1,1375,Fair,WIZARD MEMBER,3102,"Near The City Park, Chirag AlicLane, Hyderabad",Hyderabad
76,Super OYO Townhouse 1033 Ameerpet,1762,4.6,2088,Excellent,NON WIZARD MEMBER,5035,"Ameerpet Mandal, Hyderabad",Hyderabad
77,Flagship 76655 Goldhorn Hotels Mehdipatnam,1358,4.3,2087,Very Good,WIZARD MEMBER,3879,"Mehdipatnam, Hyderabad",Hyderabad
78,OYO Hotel Padmini Near Birla Mandir,1189,3.9,330,Good,WIZARD MEMBER,3397,"Lakdikapul, Hyderabad",Hyderabad
79,OYO Hotel Holiday Near Snow World,951,4.3,1469,Very Good,WIZARD MEMBER,2718,"M.G Road, Near Rani Gunj X road, Opp. Punjab National Bank, Secunderabad, Hyderabad",Hyderabad
80,OYO White Ridge Near Miraj Cinemas - Shalini Shivani,1033,4.1,1617,Very Good,NON WIZARD MEMBER,3234,"Near Sanjeevini Hospital, Kothapet road, Hyderabad",Hyderabad
81,OYO Home Pramod Prime Homes Near Miraj Cinemas - Shalini Shivani,813,4.2,1451,Very Good,NON WIZARD MEMBER,2446,"Nagole, Hyderabad",Hyderabad
82,OYO Royal Stay Near Mantra Mall ,998,4.5,545,Excellent,NON WIZARD MEMBER,3040,"Ranga Reddy, Hyderabad",Hyderabad
83,OYO Hotel Shyam Near Snow World,626,3.2,107,Fair,NON WIZARD MEMBER,2286,"Secunderabad Mandal, Hyderabad",Hyderabad
84,Super OYO Townhouse 397 RCC Majestic,2241,5.0,3337,Fabulous,WIZARD MEMBER,6404,"Champapet, Hyderabad",Hyderabad
85,Super OYO Townhouse OAK Hotel Belsons Taj Mahal Near Snow World,1644,4.6,1090,Excellent,WIZARD MEMBER,4966,"Near Swapnalok Complex, Patny Centre, Hyderabad",Hyderabad
86,OYO Imperial Guest House Near Lumbini Park,669,2.6,164,Fair,NON WIZARD MEMBER,2584,"Near Yashoda Hospital, Somajiguda, Hyderabad",Hyderabad
87,SPOT ON Gopi Mini Guest House Near Erragadda Metro Station,534,4.6,179,Excellent,WIZARD MEMBER,1736,"Erragadda, Hyderabad",Hyderabad
88,Super OYO Flagship 75519 White Ridge,1270,4.2,1778,Very Good,NON WIZARD MEMBER,3628,"Near Sai Sanjeevani Hospital, Huda Colony, Hyderabad",Hyderabad
89,Flagship Alpine glow Zenith,1059,4.4,1839,Very Good,NON WIZARD MEMBER,3025,"Near Malani Colony, Bowenpally, Hyderabad",Hyderabad
90,Flagship 75583 Thatipally Mansion Near Opp Lane Vishal Mega Mart,1304,4.2,2380,Very Good,WIZARD MEMBER,3727,"Kothapet , Opp Vishal Mega Mart",Hyderabad
91,OYO Townhouse 1065 Hotel S Continental Near Birla Mandir,1154,3.6,531,Good,WIZARD MEMBER,3297,"Nampally Mandal, Hyderabad",Hyderabad
92,Collection O Hotel Park Heights Banjara Hills Near Gvk One Mall,1303,3.7,994,Good,WIZARD MEMBER,3724,"Banjara Hills, Hyderabad",Hyderabad
93,Flagship Royal Galaxy Lodge Near Charminar,699,3.0,30,Fair,WIZARD MEMBER,2197,", Hyderabad",Hyderabad
94,OYO Heavens Inn Near Snow World,1206,4.2,381,Very Good,NON WIZARD MEMBER,3445,"Secunderabad Mandal, Hyderabad",Hyderabad
95,OYO Hotel Shannu Residency,679,4.1,1281,Very Good,WIZARD MEMBER,1939,"Near Apollo Pharmacy, Secunderabad, Hyderabad",Hyderabad
96,OYO Townhouse 862 Che Sigma,1453,4.3,2742,Very Good,NON WIZARD MEMBER,4151,"Malkajgiri, Hyderabad",Hyderabad
97,Collection O White Ridge Near Miraj Cinemas - Shalini Shivani,1509,4.4,2322,Very Good,WIZARD MEMBER,4311,"L B Nagar, Hyderabad",Hyderabad
98,Flagship77115 Hotel Vaishnavi Palace ,1171,4.1,1570,Very Good,WIZARD MEMBER,3406,"#2-4-133 Beside KFC, Mahatma Gandhi Rd, Secunderabad, Telangana, Hyderabad",Hyderabad
99,OYO Flagship 810008 Hotel Sai Krupa,1464,3.7952136752136747,1015,Very Good,NON WIZARD MEMBER,4182,"Kachiguda station road , Hyderabad",Hyderabad
100,Super OYO Townhouse 269 RCC Sunrise,2662,5.0,1534,Fabulous,WIZARD MEMBER,7607,"Near Begumpet lifestyle, Kundanbagh Colony, Hyderabad",Hyderabad
101,OYO V Guest Inn Near Hyderabad Central,1169,4.3,2100,Very Good,WIZARD MEMBER,3483,"Ameerpet, Hyderabad",Hyderabad
102,Collection O Banjara Hills Near GVK One Mall,1665,4.3,1911,Very Good,WIZARD MEMBER,4757,"Near Aasha hospital, Venkat Nagar, Hyderabad",Hyderabad
103,Flagship Sri Residency Near Hyderabad Central,1272,3.7,1156,Good,NON WIZARD MEMBER,3634,"Ameerpet, Hyderabad",Hyderabad
104,Super OYO Townhouse 164 ESI Hospital Near Hyderabad Central,1976,4.7,4388,Excellent,NON WIZARD MEMBER,5645,"Sanath Nagar, Hyderabad",Hyderabad
105,SPOT ON Pnd Complex,842,3.6,528,Good,NON WIZARD MEMBER,2407,"R C I Rd, Hyderabad",Hyderabad
106,SPOT ON 807801 New Kaveri Lodge,500,4.0,15,Very Good,NON WIZARD MEMBER,1587,"HYDERABAD - 500074 TS RTC Colony, Hyderabad",Hyderabad
107,SPOT ON 810214 The Hotel Vivin,646,3.4,16,Fair,NON WIZARD MEMBER,1845,"ward 96 yousufguda , Hyderabad",Hyderabad
108,OYO SilverKey Himayat Nagar Circle Near Snow World,1685,2.9,2045,Fair,WIZARD MEMBER,4814,"Narayanguda, Hyderabad",Hyderabad
109,OYO Hotel Ruma Near Birla Mandir,1109,3.2,518,Fair,NON WIZARD MEMBER,3169,"Near City Convention Centre, Nampally, Hyderabad",Hyderabad
110,OYO Flagship 809545 Hotel R Square,564,2.5,12,Fair,WIZARD MEMBER,1844,"Hyderabad, Hyderabad",Hyderabad
111,OYO City Holiday Near Miraj Cinemas - Shalini Shivani,1345,4.1,1030,Very Good,WIZARD MEMBER,3842,"Rangareddy, Hyderabad",Hyderabad
112,OYO15140 Hotel Priya Residency ,676,3.7,1058,Good,WIZARD MEMBER,2197,"Near Raniganj, MG Road, Hyderabad",Hyderabad
113,Capital O 23543 Hotel Vaishnavi,1792,4.3,1406,Very Good,WIZARD MEMBER,5119,"Near Csi Wesley Church, Paras Towers, Hyderabad",Hyderabad
114,Super OYO Gokul Grand Near Hyderabad Central,1943,4.5,2309,Excellent,NON WIZARD MEMBER,5551,"Near SR Nagar Police station, Ameerpet, Hyderabad",Hyderabad
115,OYO Luxury Villas Near Hyderabad Central,949,3.3,301,Fair,NON WIZARD MEMBER,3698,"Begumpet, Hyderabad",Hyderabad
116,OYO Hotel Saraswathi Residency Near Hyderabad Central,1329,4.3,349,Very Good,NON WIZARD MEMBER,4200,"Near Nalanda School, S.R. Nagar, Hyderabad",Hyderabad
117,OYO Hotel Swiss Legrand Near Gandhi Hospital Metro Station,669,2.7,85,Fair,NON WIZARD MEMBER,2135,"Near Nanking Cinese Restaurent, Ramnagar, Hyderabad",Hyderabad
118,Flagship Relax Grand Near Snow World,1169,4.1,774,Very Good,WIZARD MEMBER,3339,"Secunderabad Mandal, Hyderabad",Hyderabad
119,OYO 82310 Holiday Inn,1198,4.2,597,Very Good,WIZARD MEMBER,3422,"Telephone Calony Road Kothapet, Hyderabad",Hyderabad
120,OYO Jubilee Homes Near Alcazar Mall,959,3.8,531,Good,NON WIZARD MEMBER,2741,"Centrally Located, Near Annapurna Studios, Jubilee Hills, Hyderabad",Hyderabad
121,OYO 810155 Hill Side Guest House ,731,3.7952136752136747,1015,Very Good,NON WIZARD MEMBER,2321,"9-4-577/D/7/11 Pera Mout colony gate no. 3 tolichowki, Hyderabad",Hyderabad
122,Flagship 75711 Kachiguda Railway Station,1824,3.3,666,Fair,NON WIZARD MEMBER,5211,"Near Kumar Theatre, Kachiguda, Hyderabad",Hyderabad
123,Flagship Malkajgiri Near Habsiguda Metro Station,1444,4.3,3246,Very Good,NON WIZARD MEMBER,4127,"Malkajgiri, Hyderabad",Hyderabad
124,OYO Flagship 80983G RBS Square Langer Houz,564,3.7952136752136747,1015,Very Good,NON WIZARD MEMBER,1789,"Hyderabad, Hyderabad",Hyderabad
125,OYO Hotel Regal Near Snow World,676,3.4,780,Fair,WIZARD MEMBER,1931,"M.g Road, Hyderabad",Hyderabad
126,Collection O Hotel Happy Stay Near Hyderabad Central,1689,3.8,2050,Good,NON WIZARD MEMBER,4825,"Near ICICI Bank, Begumpet, Hyderabad",Hyderabad
127,OYO Townhouse 81794 Banjara Hills Near Birla Mandir,1670,3.7,1094,Good,WIZARD MEMBER,4771,"Masab Tank, Hyderabad",Hyderabad
128,Collection O Hotel PNR Banjara Hills Near GVK One Mall,1397,3.5,798,Good,WIZARD MEMBER,3992,"Guru Bramaha, Hyderabad",Hyderabad
129,OYO Ab7 Residency Near Miraj Cinemas - Shalini Shivani,1130,3.7,139,Good,WIZARD MEMBER,3228,"500 074, Hyderabad",Hyderabad
130,Happy Guest House near L V Prasad Eye Hospital,1339,3.7,666,Good,NON WIZARD MEMBER,3827,"Near Star Super Market, Banjara Hills, Hyderabad",Hyderabad
131,Capital O Marjan International Near Birla Mandir,1154,3.1,266,Fair,WIZARD MEMBER,3297,"Near ICICI Bank ATM, Chapel Rd, Hyderabad",Hyderabad
132,OYO Hotel Palak Residency Near Erragadda Metro Station,1269,3.9,2066,Good,NON WIZARD MEMBER,3627,"Metro Pillar no: A947, 2nd Floor, Beside Erragadda Metro Station, Above Bajaj Showroom, Hyderabad",Hyderabad
133,Super OYO Mint Leaves Near Alcazar Mall,1355,3.7,454,Good,NON WIZARD MEMBER,3872,"Annapurna Studios, Jubilee Hills, Hyderabad",Hyderabad
134,OYO Sai Residency Near Hyderabad Central,621,3.1,586,Fair,WIZARD MEMBER,2657,"Near Sr nagar metro station, Jawahar Nagar, Hyderabad",Hyderabad
135,OYO Flagship 808304 Nandi Hotel,684,2.5,22,Fair,NON WIZARD MEMBER,1954,"Indiranagar Basti, Hyderabad",Hyderabad
136,Capital O Hotel Surabhi Elite Near Miraj Cinemas - Shalini Shivani,2425,4.1,1101,Very Good,NON WIZARD MEMBER,6928,"Kothapet, Hyderabad",Hyderabad
137,Collection O 808143 Hotel Chirag Stay鈥檚,1628,3.7,23,Good,NON WIZARD MEMBER,4651,"Hyderabad, Hyderabad",Hyderabad
138,Capital O 65104 Che Sigma Hotel ,1453,3.6,2045,Good,NON WIZARD MEMBER,4151,"Near Narayana High School, Chinthalkunta, Hyderabad",Hyderabad
139,Capital O 9796 Hotel Alekhya Residency,1858,4.0,786,Very Good,NON WIZARD MEMBER,5309,"Near Global Hospital, Saifabad, Hyderabad",Hyderabad
140,Flagship Varcity Phi Premium Pavilion Near Ragigudda Sri Prasanna Anjanayeswamy Temple,886,4.5,4323,Excellent,WIZARD MEMBER,3302,"B T M Layout, Bangalore",Bangalore
141,Capital O Premium Hotel Victoria Heights Near Sri Someshwara Swami Temple,681,4.0,936,Very Good,NON WIZARD MEMBER,3326,"Near St.Philomena's Hospital, Xavier Layout, Bangalore",Bangalore
142,SPOT ON Yatra Inn Near Lalbagh Botanical Garden,951,5.0,2633,Fabulous,NON WIZARD MEMBER,2879,"Lalbagh, Bangalore",Bangalore
143,OYO Shree Mookambika Guest House Near Sri Someshwara Swami Temple,767,4.4,461,Very Good,WIZARD MEMBER,2912,"Kormangla, Bangalore",Bangalore
144,Flagship White Fort Near Lalbagh Botanical Garden,549,4.3,1172,Very Good,NON WIZARD MEMBER,2815,"Dispensary Rd, Kalasipalya,Bangalore",Bangalore
145,Super OYO Hotel Subha Residency Near Cubbon Park,899,4.4,1738,Very Good,NON WIZARD MEMBER,2792,"Majestic, Bangalore",Bangalore
146,OYO Sri Sai Residency Near Vijayanagar Metro Station,643,3.1,425,Fair,WIZARD MEMBER,2841,"Near Vijaya Nagar, Bangalore",Bangalore
147,Flagship Hotel Gurudev Residency Near Cubbon Park,643,4.0,297,Very Good,NON WIZARD MEMBER,2818,"Gandhi Nagar, Bangalore",Bangalore
148,Collection O 809718 Sunshine 1 Bhk,599,3.7952136752136747,1015,Very Good,NON WIZARD MEMBER,4179,"Amarajoythi Layout next to MNK Vidya Kendra Thanisandra, Bangalore",Bangalore
149,OYO 15358 Hotel Townhall,823,4.0,1233,Very Good,NON WIZARD MEMBER,2912,"Near Dhanlakshmi Bank, JC Road, Bangalore",Bangalore
150,OYO Townhouse 180 Jayanagar Near Ragigudda Sri Prasanna Anjaneyaswamy Temple,1831,4.9,3463,Fabulous,WIZARD MEMBER,5231,"Near Sagar Hospital, Tilak Nagar, Bangalore",Bangalore
151,OYO Varcity Park Near Ragigudda Sri Prasanna Anjaneyaswamy Temple,1110,4.2,2909,Very Good,NON WIZARD MEMBER,3171,"Near SV Hospitals, Madiwala, Bangalore",Bangalore
152,Capital O 79118 Green Residency,691,3.2,195,Fair,WIZARD MEMBER,3319,"Near Summanahalli Bus Stop, Bangalore",Bangalore
153,Capital O Victorian Comforts Near Sri Someshwara Swami Temple,1199,3.8,1503,Good,NON WIZARD MEMBER,4322,"Near Adams Creation, Victoria Layout, Bangalore",Bangalore
154,OYO Nra Residency Near Rajarajeshwari Nagar Metro Station,626,3.4,411,Fair,WIZARD MEMBER,2424,"Rajarajeshwari Nagar, Bangalore",Bangalore
155,Flagship Pride Inn Near Sandhya Digital 4k Theatre,699,3.3,317,Fair,NON WIZARD MEMBER,4534,"14 Cross Hosur Main Road, Bangalore",Bangalore
156,Super OYO Townhouse 149 Siri Residency,1241,4.4,765,Very Good,NON WIZARD MEMBER,3547,"Bhuvaneswari Nagar, Bangalore",Bangalore
157,OYO Varcity Comforts Near Ragigudda Sri Prasanna Anjaneyaswamy Temple,872,4.0,1624,Very Good,NON WIZARD MEMBER,2491,"B T M Layout, Bangalore",Bangalore
158,Capital O Boulevard Elite Madiwala Near Ragigudda Sri Prasanna Anjanayeswamy Temple,1365,4.5,2612,Excellent,NON WIZARD MEMBER,3901,"B T M Layout, Bangalore",Bangalore
159,Capital O Elegant Amethyst Business Hotel Near Ragigudda Sri Prasanna Anjaneyaswamy Temple,994,3.3,2085,Fair,WIZARD MEMBER,2839,"5th Block, Jayanagar, Bangalore",Bangalore
160,Flagship Varcity Phi Premium Pavilion Near Ragigudda Sri Prasanna Anjanayeswamy Temple,886,4.5,4323,Excellent,WIZARD MEMBER,3302,"B T M Layout, Bangalore",Bangalore
161,Capital O Premium Hotel Victoria Heights Near Sri Someshwara Swami Temple,681,4.0,936,Very Good,NON WIZARD MEMBER,3326,"Near St.Philomena's Hospital, Xavier Layout, Bangalore",Bangalore
162,SPOT ON Yatra Inn Near Lalbagh Botanical Garden,951,5.0,2633,Fabulous,NON WIZARD MEMBER,2879,"Lalbagh, Bangalore",Bangalore
163,OYO Shree Mookambika Guest House Near Sri Someshwara Swami Temple,767,4.4,461,Very Good,WIZARD MEMBER,2912,"Kormangla, Bangalore",Bangalore
164,Flagship White Fort Near Lalbagh Botanical Garden,549,4.3,1172,Very Good,NON WIZARD MEMBER,2815,"Dispensary Rd, Kalasipalya,Bangalore",Bangalore
165,Super OYO Hotel Subha Residency Near Cubbon Park,899,4.4,1738,Very Good,NON WIZARD MEMBER,2792,"Majestic, Bangalore",Bangalore
166,OYO Sri Sai Residency Near Vijayanagar Metro Station,643,3.1,425,Fair,WIZARD MEMBER,2841,"Near Vijaya Nagar, Bangalore",Bangalore
167,Flagship Hotel Gurudev Residency Near Cubbon Park,643,4.0,297,Very Good,NON WIZARD MEMBER,2818,"Gandhi Nagar, Bangalore",Bangalore
168,Collection O 809718 Sunshine 1 Bhk,599,3.7952136752136747,1015,Very Good,NON WIZARD MEMBER,4179,"Amarajoythi Layout next to MNK Vidya Kendra Thanisandra, Bangalore",Bangalore
169,OYO 15358 Hotel Townhall,823,4.0,1233,Very Good,NON WIZARD MEMBER,2912,"Near Dhanlakshmi Bank, JC Road, Bangalore",Bangalore
170,OYO Townhouse 180 Jayanagar Near Ragigudda Sri Prasanna Anjaneyaswamy Temple,1831,4.9,3463,Fabulous,WIZARD MEMBER,5231,"Near Sagar Hospital, Tilak Nagar, Bangalore",Bangalore
171,OYO Varcity Park Near Ragigudda Sri Prasanna Anjaneyaswamy Temple,1110,4.2,2909,Very Good,NON WIZARD MEMBER,3171,"Near SV Hospitals, Madiwala, Bangalore",Bangalore
172,Capital O 79118 Green Residency,691,3.2,195,Fair,WIZARD MEMBER,3319,"Near Summanahalli Bus Stop, Bangalore",Bangalore
173,Capital O Victorian Comforts Near Sri Someshwara Swami Temple,1199,3.8,1503,Good,NON WIZARD MEMBER,4322,"Near Adams Creation, Victoria Layout, Bangalore",Bangalore
174,OYO Nra Residency Near Rajarajeshwari Nagar Metro Station,626,3.4,411,Fair,WIZARD MEMBER,2424,"Rajarajeshwari Nagar, Bangalore",Bangalore
175,Flagship Pride Inn Near Sandhya Digital 4k Theatre,699,3.3,317,Fair,NON WIZARD MEMBER,4534,"14 Cross Hosur Main Road, Bangalore",Bangalore
176,Super OYO Townhouse 149 Siri Residency,1241,4.4,765,Very Good,NON WIZARD MEMBER,3547,"Bhuvaneswari Nagar, Bangalore",Bangalore
177,OYO Varcity Comforts Near Ragigudda Sri Prasanna Anjaneyaswamy Temple,872,4.0,1624,Very Good,NON WIZARD MEMBER,2491,"B T M Layout, Bangalore",Bangalore
178,Capital O Boulevard Elite Madiwala Near Ragigudda Sri Prasanna Anjanayeswamy Temple,1365,4.5,2612,Excellent,NON WIZARD MEMBER,3901,"B T M Layout, Bangalore",Bangalore
179,Capital O Elegant Amethyst Business Hotel Near Ragigudda Sri Prasanna Anjaneyaswamy Temple,994,3.3,2085,Fair,WIZARD MEMBER,2839,"5th Block, Jayanagar, Bangalore",Bangalore
180,OYO Townhouse Chic 364 Richmond Road Near Cubbon Park,2169,4.3,1510,Very Good,WIZARD MEMBER,6197,"Near Baldwin Women College, Richmond Town, Bengaluru",Bangalore
181,OYO Flagship 703671 Navarang Residency,626,2.9,25,Fair,NON WIZARD MEMBER,3319,"4th Block, Bangalore",Bangalore
182,Super OYO Collection O Sabharwal Residency Near Lalbagh Botanical Garden,1360,4.0,133,Very Good,NON WIZARD MEMBER,3887,"Opposite Shanthinagar, Bangalore",Bangalore
183,OYO Flagship 77157 Puttana Chetty Townhall,949,2.8,174,Fair,NON WIZARD MEMBER,2937,"Nagarathpete, Bangalore",Bangalore
184,OYO 10821 Sree Balaji Residency,664,3.2,319,Fair,NON WIZARD MEMBER,2259,"Agrahara Dasarahalli, Rajaji Nagar, Bangalore",Bangalore
185,OYO Flagship HOTEL SKYSPACE Near Hare Krishna Hill,826,3.8,266,Good,WIZARD MEMBER,2432,"Yeswantpur Near Railway Station, Bangalore",Bangalore
186,SPOT ON Krishnaa Comforts Near Cubbon Park,963,3.0,188,Fair,NON WIZARD MEMBER,2751,"Shivaji Nagar, Bangalore",Bangalore
187,Townhouse OAK SRK White Inn Near Ragigudda Sri Prasanna Anjaneyaswamy Temple,1384,4.0,1588,Very Good,WIZARD MEMBER,3954,"Koramangala, Bangalore",Bangalore
188,OYO Flagship 22836 Hotel Amster Inn,664,2.8,320,Fair,NON WIZARD MEMBER,2502,"Near Mysore RD. Metro Station, FCI Layout, Bangalore",Bangalore
189,Capital O Champion Lotus Near Mantri Square Mall,1262,4.3,1301,Very Good,WIZARD MEMBER,3605,"Near IIFT, Vijayanagar, Bangalore",Bangalore
190,Capital O Royal Manyata,799,4.0,892,Very Good,WIZARD MEMBER,3417,"Gate Number 4, Bangalore",Bangalore
191,Varcity Emerald Near Ragigudda Sri Prasanna Anjaneyaswamy Temple,835,3.6,1935,Good,NON WIZARD MEMBER,2387,"Near KEB Colony, BTM Layout 1, Bangalore",Bangalore
192,Collection O N R Residency Near Deepanjali Nagar Metro Station,1204,4.7,1009,Excellent,NON WIZARD MEMBER,3441,Opposite Satelite Bus Stand Bapujinagar Mysore Road Bangalore 560026,Bangalore
193,OYO The Royal International Hotel Near Sandhya Digital 4k Theatre,799,3.3,652,Fair,NON WIZARD MEMBER,2331,"Near Robert Bosch Company, Mangammanapalya, Bangalore",Bangalore
194,Collection O Hotel Tiara Near Christ university,1045,3.7,704,Good,WIZARD MEMBER,3026,"Tavarekere Main Rd, Bangalore",Bangalore
195,Flagship Aayush Corporate Stays Near Nexus Mall Koramangala,1585,4.1,919,Very Good,NON WIZARD MEMBER,4528,"Near Maharaja Signal, Kormangala, Bangalore",Bangalore
196,SPOT ON A Class Suites Near Hare Krishna Hill,910,5.0,766,Fabulous,WIZARD MEMBER,2601,"Bangalore Urban, Bangalore",Bangalore
197,Santa Maria Near Indiranagar Metro Station,1048,4.3,695,Very Good,WIZARD MEMBER,2994,"Jeevan Bhima Nagar, Bangalore",Bangalore
198,Collection O Silver Suites,1280,4.0,145,Very Good,NON WIZARD MEMBER,3982,"Near manjunatha medicals, Hebbal Kempapura, Bangalore",Bangalore
199,Flagship Vsv Avenue Hennur Near Sri Amruth Chithra Mandira,1262,4.2,224,Very Good,NON WIZARD MEMBER,3605,"(landmark Krishna Medical Store) Oposite Krishna Leela Grand Hotel, Bangalore",Bangalore
200,OYO Royal Inn Near Iskcon Temple Bangalore,824,2.4,307,Fair,WIZARD MEMBER,3064,"Near 14th Main Road, Rajaji Nagar, Bangalore",Bangalore
201,OYO 24259 Hotel Blue Inn,1173,3.5,1433,Good,NON WIZARD MEMBER,3351,"Near Bilal masjid, Gurappanapalya, Bangalore",Bangalore
202,Flagship Varcity Pearl Near Nexus Mall Koramangala,1258,4.0,3801,Very Good,WIZARD MEMBER,3594,"Near Forum Mall, Koramangala, Bangalore",Bangalore
203,Super OYO Townhouse 264 Trendy – Q Rooms BTM Layout,2858,4.8,2009,Excellent,NON WIZARD MEMBER,8167,"Near BTM Water Tank, Mico Layout, Bangalore",Bangalore
204,Super OYO Capital O Blooms Stay Inn Near Snow City,1427,4.5,594,Excellent,NON WIZARD MEMBER,4078,"Bangalore Urban, Bangalore",Bangalore
205,Flagship Sri Hari Premium Comforts Near Sandhya Digital 4K Theatre,832,3.4,217,Fair,WIZARD MEMBER,2727,"Near KLM Finvest, HSR layout sector7, Bangalore",Bangalore
206,Super OYO Collection O Compact Green View Near Nexus Mall Koramangala,1712,4.9,2669,Fabulous,WIZARD MEMBER,4892,"Near Ejipura Bus stand, Ashwini Layout, Bangalore",Bangalore
207,SPOT ON 810517 Helloworld Castle Prague,783,3.7952136752136747,1015,Very Good,NON WIZARD MEMBER,2485,"BTM 1st Stage, Bangalore",Bangalore
208,OYO Mn Residency Near Ragigudda Sri Prasanna Anjaneyaswamy Temple,1053,4.0,1007,Very Good,WIZARD MEMBER,3008,"Madiwala,  South Zone, Bengaluru, Bangalore South, Bangalore Urban, Karnataka, - 560034, India Bangalore.",Bangalore
209,OYO Corner Golf View Near Sri Someshwara Swami Temple,936,3.3,677,Fair,NON WIZARD MEMBER,2760,"Domlur, Bangalore",Bangalore
210,SPOT ON 809504 Hotel Sri Thirumala Lodge,722,3.7952136752136747,1015,Very Good,NON WIZARD MEMBER,2292,"Opp BHEL, Bangalore",Bangalore
211,Super OYO Townhouse OAK A2 Inventree Indiranagar,1719,4.8,18,Excellent,WIZARD MEMBER,4911,"Indiranagar, Bangalore",Bangalore
212,Capital O Choice Regal Suites Near Ragigudda Sri Prasanna Anjanayeswamy Temple,1753,4.2,1426,Very Good,NON WIZARD MEMBER,5009,"Centrally Located, Near Sagar Hospital, Hombegowda Nagar, Bangalore",Bangalore
213,Capital O 3 Square Near Sri Amruth Chithra Mandira,1088,4.1,1262,Very Good,NON WIZARD MEMBER,3108,"Next to Cafe Coffee Day, HBR Layout, Bangalore",Bangalore
214,Super Design Oyo Townhouse OAK Clove Boutique Hotel Rajaji Nagar,2268,4.9,1458,Fabulous,WIZARD MEMBER,6507,"4th Block, Rajaji Nagar, Bangalore",Bangalore
215,OYO Hotel Silver House Near Mantri Square Mall,867,3.7,556,Good,NON WIZARD MEMBER,2477,"Arghar Dasrahalli Near Madhu Hospital Opp Maharaja Tent House Reliance Smart Building Magadi Main Road, Bangalore",Bangalore
216,Flagship Lavish Residency Near Baiyappanahalli Metro Station,844,3.9,88,Good,NON WIZARD MEMBER,3040,"Ramamurthinagar, Bangalore",Bangalore
217,Collection O Hotel Palm Tree,2130,4.4,1357,Very Good,NON WIZARD MEMBER,6085,"Near Halasuru Metro Station, Ulsoor, Bangalore",Bangalore
218,Super OYO Townhouse 385 Navya International Ramamurthy Nagar Near Phoenix Marketcity,1341,4.1,2545,Very Good,WIZARD MEMBER,3831,"Near Rammamurthynagar Police Station, Bangalore",Bangalore
219,OYO Townhouse 238 Tierra Woods Near Halasuru Metro Station,2503,4.3,1838,Very Good,NON WIZARD MEMBER,7151,"Halasuru, Bangalore",Bangalore
220,Collection O 809321 Nandi Comforts,1257,3.7,15,Good,NON WIZARD MEMBER,3591,"Yeshwantpur, Bangalore",Bangalore
221,Collection O Premium Eden Au Lac Near Sri Someshwara Swami Temple,1989,4.3,1366,Very Good,WIZARD MEMBER,5684,"Near Indiranagar Police Station, Indiranagar, Bangalore",Bangalore
222,OYO 9991 Sai Ram Residency,1048,3.1,223,Fair,NON WIZARD MEMBER,2995,"Cubbonpet Main Road, Bangalore",Bangalore
223,Super OYO GN Collection O Near Rajajinagar Industrial Estate,1113,3.7,787,Good,NON WIZARD MEMBER,3181,"Centrally Located, Near A D Halli Park, Housing Board, Bangalore",Bangalore
224,SPOT ON 810480 Canton Lodging And Boarding ,609,3.7952136752136747,1015,Very Good,NON WIZARD MEMBER,1934,"Karnataka, Bangalore",Bangalore
225,Super OYO Townhouse 273 Hosur Main Road Bommanahalli Near Gopalan Innovation Mall,1895,4.8,1936,Excellent,NON WIZARD MEMBER,5414,"Near krishna Theature Bommanahalli, Hosur main road, Bangalore",Bangalore
226,Flagship Gn Nelli Rooms Near CMR University,895,3.9,201,Good,NON WIZARD MEMBER,3040,"Bengalore-43, Bangalore",Bangalore
227,Collection O Royal Elevar,1071,4.3,569,Very Good,NON WIZARD MEMBER,3417,"Dasarahalli, Bangalore",Bangalore
228,High Street Near Cubbon Park,1828,4.6,546,Excellent,WIZARD MEMBER,5377,"Near Kalyan silks commercial street, Bangalore",Bangalore
229,Super OYO Capital O Chetana Clove,1447,4.4,1630,Very Good,NON WIZARD MEMBER,4134,"Near Shanti Niketan School, Maruthinagar, Bangalore",Bangalore
230,Super OYO Nar Comforts Near Majestic & near KSR Railway station,1384,3.9,1701,Good,WIZARD MEMBER,3954,"NAR Comforts,13, G.K temple street, opp. Vijayalaxmi theater, Chickpet, Bangalore",Bangalore
231,Capital O Elite Stay Jp Nagar Near Ragigudda Sri Prasanna Anjaneyaswamy Temple,1051,3.6,825,Good,NON WIZARD MEMBER,3302,"6th Phase, Bangalore",Bangalore
232,OYO Hotel Ramana Inn Near Hare Krishna Hill,664,3.4,239,Fair,WIZARD MEMBER,2156,"Near Apollo Phaacy, Mathikere Main Road, Bangalore",Bangalore
233,Super OYO Capital O SS Suites Near Ragigudda Sri Prasanna Anjaneyaswamy Temple,1519,4.2,1621,Very Good,NON WIZARD MEMBER,4339,Above Vishal Mega mart,Bangalore
234,Collection O Ctc Gardenia Residency Near Lalbagh Botanical Garden,1368,4.5,254,Excellent,NON WIZARD MEMBER,3908,"Opp Urvashi Theatre, Bangalore",Bangalore
235,OYO Hotel Resida Elite Service Apartments Near Sri Someshwara Swami Temple,1664,5.0,1604,Fabulous,NON WIZARD MEMBER,4754,"Near Domlur Bridge, Indiranagar, Bangalore",Bangalore
236,Capital O High end Withinn Hotel Near Hare Krishna Hill,1737,4.6,1142,Excellent,NON WIZARD MEMBER,4964,"Near NIAS, Mathikere Extension, Bangalore",Bangalore
237,Flagship Aaira Inn Near Uttam Sagar,1609,4.5,1027,Excellent,NON WIZARD MEMBER,4597,"Near Uttam Sagar, Banaswadi main road, Bangalore",Bangalore
238,Townhouse OAK Hotel Prime Near Sri Amruth Chithra Mandira,1350,4.5,1067,Excellent,NON WIZARD MEMBER,4141,"Near Karnataka Bank, Babusapalya Main Road, Bangalore",Bangalore
239,OYO Home Exotic Stay Bsk 3rd Stage,1005,3.6,689,Good,NON WIZARD MEMBER,3397,"Katriguppe, Bangalore",Bangalore
240,Super OYO Capital O Chetana Inn,1329,4.5,1561,Excellent,NON WIZARD MEMBER,3798,"Centrally Located, Near Shanti Niketan School, Kodigehalli, Bangalore",Bangalore
241,OYO TOWNHOUSE 490 Indira Nagar Extn.,1725,4.2,760,Very Good,WIZARD MEMBER,4928,"Kaggadasapura, Bangalore",Bangalore
242,Collection O Amazing Inn Near Ragigudda Sri Prasanna Anjaneyaswamy Temple,1581,4.3,805,Very Good,WIZARD MEMBER,4518,"Bhuvanappa Layout, Bangalore",Bangalore
243,OYO Royal Grand Residency Near Lalbagh Botanical Garden,1123,3.6,571,Good,WIZARD MEMBER,3209,"Bangalore Karnataka, Bangalore",Bangalore
244,OYO Flagship 810144 Sunder Nivas,762,3.7952136752136747,1015,Very Good,NON WIZARD MEMBER,2178,"Yeshwantpur, Bangalore",Bangalore
245,OYO Kings 10 Near Snow City,1687,4.4,533,Very Good,NON WIZARD MEMBER,5206,"Centrally Located, Near, HMT Layout Bus Stop, R.T.Nagar, Bangalore",Bangalore
246,Super OYO Capital O Savi International Near Bengaluru Palace,2149,4.1,1145,Very Good,NON WIZARD MEMBER,6141,"Near Mantri Square Mall, Sheshadripuram, Bangalore",Bangalore
247,Flagship Elite Stay Near Ragigudda Sri Prasanna Anjaneyaswamy Temple,1080,2.9,46,Fair,NON WIZARD MEMBER,3263,"Jp Nagar, Bangalore",Bangalore
248,Flagship Emerald Hotel Near Ragigudda Sri Prasanna Anjaneyaswamy Temple,1384,3.8,67,Good,WIZARD MEMBER,3955,"Near Sagar Hospital, Bannerughatta, Bangalore",Bangalore
249,OYO Flagship V R Residency Near Sri Amruth Chithra Mandira,1108,3.0,138,Fair,NON WIZARD MEMBER,3167,"Centrally Located, Near 4th block, HBR Layout, Bangalore",Bangalore
250,Collection O Tierra Woods,1159,3.5,40,Good,NON WIZARD MEMBER,3640,"5th Block, Bangalore",Bangalore
251,Flagship Blooms Residency Near Baiyappanahalli Metro Station,1649,4.4,820,Very Good,WIZARD MEMBER,4711,"Bangalore East, Bangalore",Bangalore
252,SPOT ON Srinivasa Boarding And Lodging Near Vijayanagar Metro Station,535,3.2,411,Fair,WIZARD MEMBER,1528,"Near N R Colony, Sajjepalya, Bangalore",Bangalore
253,OYO 8501 ABHIMAANI COMFORTS,1113,2.7,333,Fair,NON WIZARD MEMBER,3181,Kanakpura main road metro pillar number 45 nearby Banashankari metro station JP Nagar,Bangalore
254,Super OYO Townhouse 258 Spruce Hotels Bellandur,2897,4.6,809,Excellent,WIZARD MEMBER,9048,"Bellandur, Bangalore",Bangalore
255,Capital O Prime Residency Near Sri Amruth Chithra Mandira,1481,3.5,864,Good,NON WIZARD MEMBER,4231,"Near Perseverance HBR, Saint Thomas Town, Bangalore",Bangalore
256,OYO Townhouse 093 Ramamurthy Nagar Near Baiyappanahalli Metro Station,1728,4.1,854,Very Good,WIZARD MEMBER,4937,"Near Ramamurthy Nagar Signal, Bangalore,Karnataka",Bangalore
257,OYO Townhouse 76427 Hotel Skyline Near Banashankari Metro Station,1639,3.1,381,Fair,WIZARD MEMBER,4682,"B S K 2nd Stage, Bangalore",Bangalore
258,Collection O Sln Suites,1384,3.3,252,Fair,WIZARD MEMBER,3955,"Behind Baptist Hospital, Hebbal",Bangalore
259,Super OYO Collection O 73977 Malleswaram,2838,4.0,856,Very Good,WIZARD MEMBER,8108,"Near Bsnl Office, Emerald Residency, Bangalore",Bangalore
260,Capital O Hotel Shanti Nivas Near Hare Krishna Hill,1126,4.2,976,Very Good,WIZARD MEMBER,3217,"Near Yeshwanthpur , Sri Raghavendra Layout, Bangalore",Bangalore
261,OYO Royal Residency Near Hare Krishna Hill,949,4.0,216,Very Good,NON WIZARD MEMBER,2711,"Near Taj Yeshwantpur, M S K Nagar, Bangalore",Bangalore
262,Capital O Gn Suites Near OM SHAKTHI TEMPLE,1204,3.3,790,Fair,WIZARD MEMBER,3439,"Near Sub Registrar Office, Banaswadi, Bangalore",Bangalore
263,OYO Flagship 808132 Status Suites,1518,3.6,52,Good,NON WIZARD MEMBER,4338,"Bangalore, Bangalore",Bangalore
264,OYO Flagship 810018 Sree Nandanam Residency,626,3.7952136752136747,1015,Very Good,NON WIZARD MEMBER,1789,"Bengaluru, Bangalore",Bangalore
265,Collection O Onyx International Near Ragigudda Sri Prasanna Anjaneyaswamy Temple,1566,3.8,326,Good,NON WIZARD MEMBER,4475,"Karnatakanull, Bangalore",Bangalore
266,OYO Flagship 3242 Hotel Status Executive Room's,1518,3.2,54,Fair,NON WIZARD MEMBER,4338,"Near Old Airport Road, Bangalore",Bangalore
267,Collection O 808281 Hotel Hemadri Residency,1334,3.8,26,Good,NON WIZARD MEMBER,3812,"Opp Saraswati Kalyana Mantapa, Bangalore",Bangalore
268,OYO Flagship 810484 Royal Galaxy Lodge,834,3.7952136752136747,1015,Very Good,NON WIZARD MEMBER,2647,"05th road cross Iblur bus stop. opposite Colombia asia hospital.sarjapur outer ring road. , Bangalore",Bangalore
269,Collection O Hotel Supreme Suites Near Sri Amruth Chithra Mandira,1257,3.1,79,Fair,NON WIZARD MEMBER,3800,"14/15 14 And 15 L V Complex Munireddy Layout Horamavu Banaswadi, Bangalore",Bangalore
270,SPOT ON Janapriya Lodge Near Hare Krishna Hill,1055,3.6,401,Good,NON WIZARD MEMBER,3014,"Bangalore Urban, Bangalore",Bangalore
271,OYO Kings Suites Near ITC Factory,1921,4.7,559,Excellent,WIZARD MEMBER,5488,"Near MSO Colony, Maruthi Seva Nagar, Bangalore",Bangalore
272,Flagship Hotel Royal Comfort Near Cubbon Park,1804,4.0,29,Very Good,WIZARD MEMBER,5155,"Gandhinagar, Bangalore",Bangalore
273,Capital O Elite Inn@Silicon Valley Near Ragigudda Sri Prasanna Anjanayeswamy Temple,1829,3.9,940,Good,NON WIZARD MEMBER,5225,"Service Road, Koramangala, Bengaluru",Bangalore
274,OYO Sri Sai Guru Comforts,1196,3.4,304,Fair,NON WIZARD MEMBER,3418,"Near Kodigihalli Gate, Byatarayanapura, Bangalore",Bangalore
275,Flagship Majestic Near Lalbagh Botanical Garden,1509,3.9,1358,Good,NON WIZARD MEMBER,4311,"Near Majestic Railway Station, Akkipete, Bangalore",Bangalore
276,OYO Hotel Golden Inn Near Cubbon Park,1609,3.5,1330,Good,NON WIZARD MEMBER,4597,"Centrally Located, Near HKP Road, Shivaji Nagar, Bangalore",Bangalore
277,OYO Home Leva Homes Near Baiyappanahalli Metro Station,1272,3.7,1102,Good,WIZARD MEMBER,3634,"Mahadevapura Zone, Bangalore",Bangalore
278,Capital O Safari Rooms Near Snow City,1460,3.4,144,Fair,WIZARD MEMBER,4172,"India Bangalore Karnatakaindia, Bangalore",Bangalore
279,Townhouse 038 Global Wings Hotels Near Sri Amruth Chithra Mandira,1679,3.3,763,Fair,WIZARD MEMBER,4797,"Kammanahalli, Bangalore",Bangalore
280,OYO Townhouse 430 Everest Hotel Near Chennai Central,1670,4.0,5181,Very Good,WIZARD MEMBER,4771,"Opp Chennai Central Railway Station , PH Road",Chennai
281,SPOT ON Grand Residency					,449,2.7,781,Fair,WIZARD MEMBER,1537,"VV Koil Street,Periyamedu,Central Metro Station,CENTRAL.						",Chennai
282,Collection O G Silver Hotels Mount Road Near Marina Beach,1066,4.1,1352,Very Good,WIZARD MEMBER,3045,"Near Triplicane High Road, Triplicne, Chennai",Chennai
283,OYO Dreams Manor Near Sangam Cinemas,837,4.1,972,Very Good,WIZARD MEMBER,2426,Kilpauk Chennai,Chennai
284,SPOT ON Central Inn,741,3.5,1367,Good,WIZARD MEMBER,2117,"Periyamedu Central Opposite To Canara Bank, Chennai",Chennai
285,Oyo Flagship White Inn Near Golden Tower,1242,4.1,364,Very Good,NON WIZARD MEMBER,3548,Near  Golden Tower,Chennai
286,OYO The Park View Inn					,741,3.4,1314,Fair,NON WIZARD MEMBER,2117,"opp ;Indian Oil ,Vepery Church Road,vepery, Chennai.",Chennai
287,OYO 39935 Elite Residency,763,2.9,956,Fair,WIZARD MEMBER,2179,"Perimet,Central Railway Station,Central.						",Chennai
288,SPOT ON Jayanthi Mansion,451,3.6,216,Good,WIZARD MEMBER,1342,"Near Batcha Theatre, Thatha Muthiappan Street, Chennai",Chennai
289,Collection O 805192 G Silver Ashok Nagar,1196,4.7,432,Excellent,NON WIZARD MEMBER,3885,"600001, Chennai",Chennai
290,SPOT ON 75475 Cn Guest House,454,3.4,1091,Fair,WIZARD MEMBER,1794,"Opp TO Vijay Park, Arumbakkam, Chennai",Chennai
291,OYO Townhouse 1060 Anna Salai Near Marina Beach,1583,4.7,2020,Excellent,WIZARD MEMBER,4522,"Near US Embassy, Royapettah",Chennai
292,SPOT ON Ams Annex,505,3.7,138,Good,NON WIZARD MEMBER,1442,"Opp Chepauk Stadium, OVM Street, Chennai",Chennai
293,OYO Gold Residency Near AGS Cinemas T Nagar,663,2.8,381,Fair,WIZARD MEMBER,3020,"Dr, Singaravelu St, Pondy Bazaar, Parthasarathi Puram, T. Nagar, Chennai, Tamil Nadu 600017",Chennai
294,OYO Home G-cloud Near Thirumangalam Metro Station,988,4.3,1421,Very Good,WIZARD MEMBER,2824,"Thiruvallur District, Chennai",Chennai
295,Super OYO Townhouse 1129 Green City Near Albert Theatres,2900,3.8,74,Good,NON WIZARD MEMBER,4142,"Near to chennai central station, Marina beach, Egmore, Chennai",Chennai
296,OYO Sam Guest House Near Marina Beach,687,2.7,120,Fair,WIZARD MEMBER,2090,"Triplicane, Chennai",Chennai
297,SPOT ON Grand Residency Near Marina Beach,599,3.8,321,Good,NON WIZARD MEMBER,1674,"Triplicane, Chennai",Chennai
298,OYO Flagship 807770 Sea View inn,699,3.7,22,Good,NON WIZARD MEMBER,1789,"Near New Washermanpet Metro Station,Tondiarpet, Chennai.						",Chennai
299,SPOT ON Bt Mansion Near Marina Beach,576,2.8,79,Fair,WIZARD MEMBER,2569,"Pillayar Koil St Triplicane., Chennai",Chennai
300,OYO Townhouse 430 Everest Hotel Near Chennai Central,1670,4.0,5181,Very Good,WIZARD MEMBER,4771,"Opp Chennai Central Railway Station , PH Road",Chennai
301,SPOT ON Grand Residency					,449,2.7,781,Fair,WIZARD MEMBER,1537,"VV Koil Street,Periyamedu,Central Metro Station,CENTRAL.						",Chennai
302,Collection O G Silver Hotels Mount Road Near Marina Beach,1066,4.1,1352,Very Good,WIZARD MEMBER,3045,"Near Triplicane High Road, Triplicne, Chennai",Chennai
303,OYO Dreams Manor Near Sangam Cinemas,837,4.1,972,Very Good,WIZARD MEMBER,2426,Kilpauk Chennai,Chennai
304,SPOT ON Central Inn,741,3.5,1367,Good,WIZARD MEMBER,2117,"Periyamedu Central Opposite To Canara Bank, Chennai",Chennai
305,Oyo Flagship White Inn Near Golden Tower,1242,4.1,364,Very Good,NON WIZARD MEMBER,3548,Near  Golden Tower,Chennai
306,OYO The Park View Inn					,741,3.4,1314,Fair,NON WIZARD MEMBER,2117,"opp ;Indian Oil ,Vepery Church Road,vepery, Chennai.",Chennai
307,OYO 39935 Elite Residency,763,2.9,956,Fair,WIZARD MEMBER,2179,"Perimet,Central Railway Station,Central.						",Chennai
308,SPOT ON Jayanthi Mansion,451,3.6,216,Good,WIZARD MEMBER,1342,"Near Batcha Theatre, Thatha Muthiappan Street, Chennai",Chennai
309,Collection O 805192 G Silver Ashok Nagar,1196,4.7,432,Excellent,NON WIZARD MEMBER,3885,"600001, Chennai",Chennai
310,SPOT ON 75475 Cn Guest House,454,3.4,1091,Fair,WIZARD MEMBER,1794,"Opp TO Vijay Park, Arumbakkam, Chennai",Chennai
311,OYO Townhouse 1060 Anna Salai Near Marina Beach,1583,4.7,2020,Excellent,WIZARD MEMBER,4522,"Near US Embassy, Royapettah",Chennai
312,SPOT ON Ams Annex,505,3.7,138,Good,NON WIZARD MEMBER,1442,"Opp Chepauk Stadium, OVM Street, Chennai",Chennai
313,OYO Gold Residency Near AGS Cinemas T Nagar,663,2.8,381,Fair,WIZARD MEMBER,3020,"Dr, Singaravelu St, Pondy Bazaar, Parthasarathi Puram, T. Nagar, Chennai, Tamil Nadu 600017",Chennai
314,OYO Home G-cloud Near Thirumangalam Metro Station,988,4.3,1421,Very Good,WIZARD MEMBER,2824,"Thiruvallur District, Chennai",Chennai
315,Super OYO Townhouse 1129 Green City Near Albert Theatres,2900,3.8,74,Good,NON WIZARD MEMBER,4142,"Near to chennai central station, Marina beach, Egmore, Chennai",Chennai
316,OYO Sam Guest House Near Marina Beach,687,2.7,120,Fair,WIZARD MEMBER,2090,"Triplicane, Chennai",Chennai
317,SPOT ON Grand Residency Near Marina Beach,599,3.8,321,Good,NON WIZARD MEMBER,1674,"Triplicane, Chennai",Chennai
318,OYO Flagship 807770 Sea View inn,699,3.7,22,Good,NON WIZARD MEMBER,1789,"Near New Washermanpet Metro Station,Tondiarpet, Chennai.						",Chennai
319,SPOT ON Bt Mansion Near Marina Beach,576,2.8,79,Fair,WIZARD MEMBER,2569,"Pillayar Koil St Triplicane., Chennai",Chennai
320,OYO Townhouse 611 Anna Nagar Welcome Inn Near Thirumangalam Metro Station,1682,4.2,2769,Very Good,WIZARD MEMBER,4972,"Behind Mmm Hospital, Chennai",Chennai
321,OYO Arunachala Guest House Near PVR SPI Palazzo Chennai,549,3.2,245,Fair,WIZARD MEMBER,1953,"Chennai District, Chennai",Chennai
322,Super OYO Townhouse 1096 Hotel Redfox Nungambakkam Near Apollo & Shankar Nethralaya Hospital,1688,4.4,726,Very Good,NON WIZARD MEMBER,4822,"Valluvar Kottam High Road, Chennai",Chennai
323,Flagship T.Nagar ,899,4.0,977,Very Good,WIZARD MEMBER,2862,"Near Panagal Park T.Nagar, Chennai",Chennai
324,Collection O Hotel Sudha Inn Near Sangam Cinemas,1474,3.5,49,Good,WIZARD MEMBER,4211,Near to egmore and chennai central railway station,Chennai
325,SPOT ON Annai Guest House Near Marina Beach,549,2.8,55,Fair,NON WIZARD MEMBER,1475,"Police Quarters, Chennai",Chennai
326,Flagship Jayam Residency Tiruvottiyur Near Tiruvottriyur Theradi Metro Station,649,3.2,87,Fair,WIZARD MEMBER,2424,"Near Theradi Metro Station,Tiruvottiyur ,Chennai.						",Chennai
327,Super OYO Townhouse 1067 Orchid Residency Nandanam,1935,4.6,1055,Excellent,WIZARD MEMBER,6064,"Near T Nagar Pondy Bazzar, 1st Ext Nandanam, Chennai",Chennai
328,OYO Kb Residency Anna Nagar Near Pvr Cinemas Skywalk,756,3.3,228,Fair,NON WIZARD MEMBER,2500,"Near shenoy nagar metro station, Shenoy Nagar, Chennai",Chennai
329,OYO Townhouse 1116 - US Consulate,1802,4.0,257,Very Good,NON WIZARD MEMBER,5148,"Royapettah, Chennai",Chennai
330,SPOT ON Eshi Guest House Near PVR Cinemas Skywalk,560,2.5,225,Fair,WIZARD MEMBER,2148,"Near Ampa Skywalk , Aminjikarai, Chennai",Chennai
331,Collection O 810465 The 33 Hotel,1248,3.7952136752136747,1015,Very Good,NON WIZARD MEMBER,3961,"George Town, Chennai",Chennai
332,SPOT ON The Grand Guest House Near PVR Cinemas Skywalk,399,3.3,517,Fair,WIZARD MEMBER,1457,"Zone 8 Anna Nagar, Chennai",Chennai
333,Collection O 810674 Gani Home Stay,625,3.7952136752136747,1015,Very Good,NON WIZARD MEMBER,1985,"Dhanalakshmi Colony, Chennai",Chennai
334,OYO Townhouse 1090 G Silver Nungambakkam Near AGS Cinemas T Nagar,2277,4.8,889,Excellent,WIZARD MEMBER,6507,Near US consulate Nungambakkam,Chennai
335,OYO Flagship 84263 Arunachala Guest House,699,3.0,376,Fair,WIZARD MEMBER,2426,NEAR BY CMBT BUS STAND & Passport and medical verification centre,Chennai
336,OYO Flagship 810298 Sk Residency ,730,3.7952136752136747,1015,Very Good,NON WIZARD MEMBER,2317,"Chennai., Chennai",Chennai
337,SPOT ON Jeyam Guest House,519,3.0,551,Fair,WIZARD MEMBER,1773,"Near Arumbakkam Metro Station, Loganathan Nagar, 2nd Street, Chennai",Chennai
338,Super OYO Townhouse 227 Royapettah Near U.S Consulate,1932,4.2,1735,Very Good,WIZARD MEMBER,5519,"95, Gowdia Mutt RD, Near Express Avenune Mall",Chennai
339,Flagship The Prince Park Near Pvr Spi Palazzo Chennai,649,2.6,158,Fair,WIZARD MEMBER,2960,"Ponniamman Koil Street, Chennai",Chennai
340,OYO Blue Pearl Residency Near Chhatrapati Shivaji International Airport,1921,2.6,1194,Fair,NON WIZARD MEMBER,5488,"On main street, Near Asalpha Metro Station, Ghatkopar, Mumbai",Mumbai
341,Collection O 74371 Golden Tulipz Boutique,2180,3.7,893,Good,WIZARD MEMBER,6228,"Kurla West, Mumbai",Mumbai
342,OYO SilverKey 76846 Hotel Manas Residency,2702,4.2,467,Very Good,NON WIZARD MEMBER,7719,"Chembur East, Mumbai",Mumbai
343,OYO Druv's Taj Palace Near Chhatrapati Shivaji International Airport,2082,3.5,772,Good,WIZARD MEMBER,5949,"Near Asalpha Metro Station, Dhumai Estate, Mumbai",Mumbai
344,Super OYO Collection O 84249 Hotel Ulife,2288,3.9,1178,Good,NON WIZARD MEMBER,6538,"Andheri(e), Mumbai",Mumbai
345,OYO Hotel Airport Metro Near Chhatrapati Shivaji International Airport,1979,3.5,1017,Good,NON WIZARD MEMBER,5654,"Andheri East, Mumbai",Mumbai
346,Flagship 75954 Hotel Neelkamal Chembur,2727,4.3,794,Very Good,NON WIZARD MEMBER,7791,"Near BKC, Umarshi Bappa Chowk, Chembur, Mumbai ",Mumbai
347,OYO Hotel Blue Sea Near Chhatrapati Shivaji International Airport,1921,3.2,2193,Fair,NON WIZARD MEMBER,5488,"On main street, Near Asalpha Metro Station, Ghatkopar, Mumbai",Mumbai
348,OYO Hotel Alfa Grand Near Chhatrapati Shivaji International Airport,1906,3.1,600,Fair,NON WIZARD MEMBER,5445,"Near Asalpha Metro Station, Andheri East, Mumbai",Mumbai
349,OYO Hotel Divine Residency Near Phoenix Marketcity,4120,5.0,752,Fabulous,NON WIZARD MEMBER,11771,"Near Chirag Nagar Police Station, LBS Marg, Mumbai",Mumbai
350,OYO Hotel Greenforest Near Airport Road Metro Station,1680,3.6,744,Good,NON WIZARD MEMBER,4799,"Near Axis Bank, Customs Colony, Mumbai",Mumbai
351,OYO Townhouse 809 Royal Palms Hotel - Rose Collection,1948,3.7,721,Good,NON WIZARD MEMBER,5565,"Near Aarey Colony, Goregaon, Mumbai",Mumbai
352,OYO Hotel Golden Nest Near Chhatrapati Shivaji International Airport,2117,3.3,931,Fair,NON WIZARD MEMBER,6049,"Near Bajsons Industries, Andheri East, Mumbai",Mumbai
353,Collection O 81162 Hotel Whitefield,2060,3.3,175,Fair,NON WIZARD MEMBER,6538,"Maharashtra, Mumbai",Mumbai
354,SPOT ON 808366 Hotel Resting Love,1772,1.6,12,Fair,NON WIZARD MEMBER,5064,"Andheri East, Mumbai",Mumbai
355,OYO Flagship 83355 Hotel Om Sai Villa,1870,2.2,20,Fair,NON WIZARD MEMBER,5935,"India, Mumbai",Mumbai
356,OYO Hotel Blue Ocean Near R City Mall,2277,4.2,465,Very Good,NON WIZARD MEMBER,6505,"kailash industrial complex, near kailash business park, vikhroli west, Mumbai",Mumbai
357,OYO Hotel Blue Inn Residence Near R City Mall,1869,3.2,911,Fair,NON WIZARD MEMBER,5339,"Kailash Industrial Complex, near Kailash Business Park, Vikhroli West Mumbai",Mumbai
358,Flagship Hotel Green View,1721,3.9,85,Good,NON WIZARD MEMBER,4917,Vihar Lake Saki Vihar Road Near NITIE Collage Powai Mumbai,Mumbai
359,Collection O 78659 Collection O Hotel Jayshree Domestic Airport,3177,3.6,594,Good,WIZARD MEMBER,9077,"Vile Parle East, Mumbai",Mumbai
360,OYO Blue Pearl Residency Near Chhatrapati Shivaji International Airport,1921,2.6,1194,Fair,NON WIZARD MEMBER,5488,"On main street, Near Asalpha Metro Station, Ghatkopar, Mumbai",Mumbai
361,Collection O 74371 Golden Tulipz Boutique,2180,3.7,893,Good,WIZARD MEMBER,6228,"Kurla West, Mumbai",Mumbai
362,OYO SilverKey 76846 Hotel Manas Residency,2702,4.2,467,Very Good,NON WIZARD MEMBER,7719,"Chembur East, Mumbai",Mumbai
363,OYO Druv's Taj Palace Near Chhatrapati Shivaji International Airport,2082,3.5,772,Good,WIZARD MEMBER,5949,"Near Asalpha Metro Station, Dhumai Estate, Mumbai",Mumbai
364,Super OYO Collection O 84249 Hotel Ulife,2288,3.9,1178,Good,NON WIZARD MEMBER,6538,"Andheri(e), Mumbai",Mumbai
365,OYO Hotel Airport Metro Near Chhatrapati Shivaji International Airport,1979,3.5,1017,Good,NON WIZARD MEMBER,5654,"Andheri East, Mumbai",Mumbai
366,Flagship 75954 Hotel Neelkamal Chembur,2727,4.3,794,Very Good,NON WIZARD MEMBER,7791,"Near BKC, Umarshi Bappa Chowk, Chembur, Mumbai ",Mumbai
367,OYO Hotel Blue Sea Near Chhatrapati Shivaji International Airport,1921,3.2,2193,Fair,NON WIZARD MEMBER,5488,"On main street, Near Asalpha Metro Station, Ghatkopar, Mumbai",Mumbai
368,OYO Hotel Alfa Grand Near Chhatrapati Shivaji International Airport,1906,3.1,600,Fair,NON WIZARD MEMBER,5445,"Near Asalpha Metro Station, Andheri East, Mumbai",Mumbai
369,OYO Hotel Divine Residency Near Phoenix Marketcity,4120,5.0,752,Fabulous,NON WIZARD MEMBER,11771,"Near Chirag Nagar Police Station, LBS Marg, Mumbai",Mumbai
370,OYO Hotel Greenforest Near Airport Road Metro Station,1680,3.6,744,Good,NON WIZARD MEMBER,4799,"Near Axis Bank, Customs Colony, Mumbai",Mumbai
371,OYO Townhouse 809 Royal Palms Hotel - Rose Collection,1948,3.7,721,Good,NON WIZARD MEMBER,5565,"Near Aarey Colony, Goregaon, Mumbai",Mumbai
372,OYO Hotel Golden Nest Near Chhatrapati Shivaji International Airport,2117,3.3,931,Fair,NON WIZARD MEMBER,6049,"Near Bajsons Industries, Andheri East, Mumbai",Mumbai
373,Collection O 81162 Hotel Whitefield,2060,3.3,175,Fair,NON WIZARD MEMBER,6538,"Maharashtra, Mumbai",Mumbai
374,SPOT ON 808366 Hotel Resting Love,1772,1.6,12,Fair,NON WIZARD MEMBER,5064,"Andheri East, Mumbai",Mumbai
375,OYO Flagship 83355 Hotel Om Sai Villa,1870,2.2,20,Fair,NON WIZARD MEMBER,5935,"India, Mumbai",Mumbai
376,OYO Hotel Blue Ocean Near R City Mall,2277,4.2,465,Very Good,NON WIZARD MEMBER,6505,"kailash industrial complex, near kailash business park, vikhroli west, Mumbai",Mumbai
377,OYO Hotel Blue Inn Residence Near R City Mall,1869,3.2,911,Fair,NON WIZARD MEMBER,5339,"Kailash Industrial Complex, near Kailash Business Park, Vikhroli West Mumbai",Mumbai
378,Flagship Hotel Green View,1721,3.9,85,Good,NON WIZARD MEMBER,4917,Vihar Lake Saki Vihar Road Near NITIE Collage Powai Mumbai,Mumbai
379,Collection O 78659 Collection O Hotel Jayshree Domestic Airport,3177,3.6,594,Good,WIZARD MEMBER,9077,"Vile Parle East, Mumbai",Mumbai
380,OYO The Chill Palace Near Haiderpur Metro Station,499,4.1,819,Very Good,NON WIZARD MEMBER,2639,"North West Delhi, Delhi",Delhi
381,Super OYO Townhouse 868 Dream Connect Near TDI Mall,1106,4.2,3519,Very Good,NON WIZARD MEMBER,4369,"Wz-3 Opp Pillor No 322 Moti Nagar Delhi, Delhi",Delhi
382,Super OYO Collection O Shalimar Bagh Near Haiderpur Metro Station,763,3.6,3021,Good,WIZARD MEMBER,2737,"Shalimar Village, Delhi",Delhi
383,OYO Flgship International Paradis Near Jaffrabad Metro Station,713,2.9,77,Fair,NON WIZARD MEMBER,2264,"F 48 Jagjit Nagar Main Pusta Road, Delhi",Delhi
384,OYO Flagship 807922 Hotel Happy Moments,631,3.0,85,Fair,NON WIZARD MEMBER,2002,"Near Divine Hospital, Delhi",Delhi
385,Flagship Kashish Residency Near Model Town Metro Station,631,3.2,749,Fair,NON WIZARD MEMBER,2222,"Ashok Vihar-3, Delhi",Delhi
386,OYO Hotel Kl Khari Inn Near Haiderpur Metro Station,549,4.1,878,Very Good,WIZARD MEMBER,2052,"North West Delhi, Delhi",Delhi
387,Capital O Hotel Grand Stays Near Jama Masjid,855,2.8,86,Fair,WIZARD MEMBER,3336,"Central Delhi, Delhi",Delhi
388,OYO Shubh Guest House,649,3.4,90,Fair,WIZARD MEMBER,2165,"C1/64 Main Sarvice Road Soniya Vihar 3 Rd Pusta, Delhi",Delhi
389,OYO Hotel City Castle Near Gurudwara Shri Bangla Sahib,1423,4.0,2022,Very Good,NON WIZARD MEMBER,4067,"Near Karol Bagh, Nai Walan, Delhi",Delhi
390,Flagship Hotel Grow More Near Shiv Mandir,895,3.9,121,Good,WIZARD MEMBER,2558,"East Babarpur, Delhi",Delhi
391,Flagship Royal Paradise Near Tdi Mall,549,3.0,406,Fair,NON WIZARD MEMBER,2176,"C 7 Kailash Park Moti Nagar, Delhi",Delhi
392,OYO Hotel Prince Near Haiderpur Metro Station,899,3.8,347,Good,NON WIZARD MEMBER,3110,"Haiderpur Village, Delhi",Delhi
393,OYO Hotel J Joy Near Gurudwara Shri Bangla Sahib,947,3.6,1457,Good,NON WIZARD MEMBER,3208,"MAIN FAIZ ROAD (Above SBI BANK), KAROL BAGH",Delhi
394,OYO Flagship 809087 Hotel Diamond Tree,564,2.3,24,Fair,NON WIZARD MEMBER,1789,"New Delhi, Delhi",Delhi
395,SPOT ON 61091 Hotel Silver Palace Dx,1106,4.5,3945,Excellent,WIZARD MEMBER,3161,"Near RK ASHRAM METRO STATION, Pahar Ganj, Delhi",Delhi
396,Flagship Sr Residency Near CCD,560,3.6,130,Good,NON WIZARD MEMBER,2353,"Block B, Delhi",Delhi
397,OYO 70893 Kl Khari Inn,730,3.9,1311,Good,WIZARD MEMBER,2426,"Near Ashok Park Main, Rampura Marg, Delhi",Delhi
398,OYO Flagship 77798 Hotel Sai Guest House,750,3.0,2,Fair,WIZARD MEMBER,2142,"Azadpur, Delhi",Delhi
399,Flagship King Stay Near Tdi Mall,649,3.4,264,Fair,WIZARD MEMBER,3040,"Block N, Delhi",Delhi
400,OYO The Chill Palace Near Haiderpur Metro Station,499,4.1,819,Very Good,NON WIZARD MEMBER,2639,"North West Delhi, Delhi",Delhi
401,Super OYO Townhouse 868 Dream Connect Near TDI Mall,1106,4.2,3519,Very Good,NON WIZARD MEMBER,4369,"Wz-3 Opp Pillor No 322 Moti Nagar Delhi, Delhi",Delhi
402,Super OYO Collection O Shalimar Bagh Near Haiderpur Metro Station,763,3.6,3021,Good,WIZARD MEMBER,2737,"Shalimar Village, Delhi",Delhi
403,OYO Flgship International Paradis Near Jaffrabad Metro Station,713,2.9,77,Fair,NON WIZARD MEMBER,2264,"F 48 Jagjit Nagar Main Pusta Road, Delhi",Delhi
404,OYO Flagship 807922 Hotel Happy Moments,631,3.0,85,Fair,NON WIZARD MEMBER,2002,"Near Divine Hospital, Delhi",Delhi
405,Flagship Kashish Residency Near Model Town Metro Station,631,3.2,749,Fair,NON WIZARD MEMBER,2222,"Ashok Vihar-3, Delhi",Delhi
406,OYO Hotel Kl Khari Inn Near Haiderpur Metro Station,549,4.1,878,Very Good,WIZARD MEMBER,2052,"North West Delhi, Delhi",Delhi
407,Capital O Hotel Grand Stays Near Jama Masjid,855,2.8,86,Fair,WIZARD MEMBER,3336,"Central Delhi, Delhi",Delhi
408,OYO Shubh Guest House,649,3.4,90,Fair,WIZARD MEMBER,2165,"C1/64 Main Sarvice Road Soniya Vihar 3 Rd Pusta, Delhi",Delhi
409,OYO Hotel City Castle Near Gurudwara Shri Bangla Sahib,1423,4.0,2022,Very Good,NON WIZARD MEMBER,4067,"Near Karol Bagh, Nai Walan, Delhi",Delhi
410,Flagship Hotel Grow More Near Shiv Mandir,895,3.9,121,Good,WIZARD MEMBER,2558,"East Babarpur, Delhi",Delhi
411,Flagship Royal Paradise Near Tdi Mall,549,3.0,406,Fair,NON WIZARD MEMBER,2176,"C 7 Kailash Park Moti Nagar, Delhi",Delhi
412,OYO Hotel Prince Near Haiderpur Metro Station,899,3.8,347,Good,NON WIZARD MEMBER,3110,"Haiderpur Village, Delhi",Delhi
413,OYO Hotel J Joy Near Gurudwara Shri Bangla Sahib,947,3.6,1457,Good,NON WIZARD MEMBER,3208,"MAIN FAIZ ROAD (Above SBI BANK), KAROL BAGH",Delhi
414,OYO Flagship 809087 Hotel Diamond Tree,564,2.3,24,Fair,NON WIZARD MEMBER,1789,"New Delhi, Delhi",Delhi
415,SPOT ON 61091 Hotel Silver Palace Dx,1106,4.5,3945,Excellent,WIZARD MEMBER,3161,"Near RK ASHRAM METRO STATION, Pahar Ganj, Delhi",Delhi
416,Flagship Sr Residency Near CCD,560,3.6,130,Good,NON WIZARD MEMBER,2353,"Block B, Delhi",Delhi
417,OYO 70893 Kl Khari Inn,730,3.9,1311,Good,WIZARD MEMBER,2426,"Near Ashok Park Main, Rampura Marg, Delhi",Delhi
418,OYO Flagship 77798 Hotel Sai Guest House,750,3.0,2,Fair,WIZARD MEMBER,2142,"Azadpur, Delhi",Delhi
419,Flagship King Stay Near Tdi Mall,649,3.4,264,Fair,WIZARD MEMBER,3040,"Block N, Delhi",Delhi
420,OYO Hotel J P Inn Near Satyam Inox Patel Nagar,1606,4.1,1143,Very Good,NON WIZARD MEMBER,4589,"Near Patel Nagar Metro, Block 1, Delhi",Delhi
421,OYO Flagship 808550 Kashish Residency,925,1.8,62,Fair,NON WIZARD MEMBER,2644,"single storey, Delhi",Delhi
422,OYO SP Rooms Near Jahangirpuri Metro Station,863,3.9,27,Good,WIZARD MEMBER,2241,"H-21 Mahendra Park, Delhi",Delhi
423,Collection O Model Town Metro View Near Model Town Metro Station,1809,4.1,1254,Very Good,NON WIZARD MEMBER,5169,"Near Model Town Metro Station, Delhi",Delhi
424,Collection O Radisson Blue Hotel Nearby Khajuri chowk-Signature Bridge,1095,3.4,142,Fair,NON WIZARD MEMBER,3128,"Bhajanpura, Delhi",Delhi
425,OYO Hotel Landmark Inn Near Gurudwara Shri Bangla Sahib,1686,4.6,4346,Excellent,NON WIZARD MEMBER,4818,Near Karol Bagh Metro Station,Delhi
426,OYO Townhouse 816 The White Grace Near Azadpur Metro Station,949,2.5,44,Fair,WIZARD MEMBER,3922,building no 902/290  Gali no 3 industrial area  Shalimar village  Pin code delhi 110088,Delhi
427,OYO Flagship Kashvi Palace Near Red Fort,899,3.1,86,Fair,NON WIZARD MEMBER,2568,"1 St Pusta Near Walia Public Shool Usmaanpur, Delhi",Delhi
428,OYO New Tech India Near Gurudwara Shri Bangla Sahib,854,2.6,526,Fair,WIZARD MEMBER,2809,"Near Jhandewalan, Nai Walan, Delhi",Delhi
429,Flagship Good Will Near Haiderpur Metro Station,626,3.7,14,Good,WIZARD MEMBER,2142,"Gobind Mohalla, Delhi",Delhi
430,OYO Townhouse 118 Gagan Vihar Near V3S Mall,1076,2.6,3710,Fair,WIZARD MEMBER,4198,"Near rg stone hospital , Hargobind Enclave, Delhi",Delhi
431,OYO 703421 Lakshya Oyo,549,4.3,33,Very Good,NON WIZARD MEMBER,2254,"mandoli delhi, Delhi",Delhi
432,OYO Hotel Sun City Near Gurudwara Shri Bangla Sahib,1337,3.2,866,Fair,WIZARD MEMBER,3819,"Near Karol Bagh, Channa Market, Delhi",Delhi
433,OYO Flagship 810642 Hotel KD Homes,571,3.7952136752136747,1015,Very Good,NON WIZARD MEMBER,1812,"wazirabad near book shop opposite mohalla clinic Delhi, Delhi",Delhi
434,OYO Flagship 81012 S P Rooms,678,3.7952136752136747,1015,Very Good,NON WIZARD MEMBER,2151,"Mahendra Park, Delhi",Delhi
435,OYO Flagship 810341 Hotel Royal Plaza,863,3.7952136752136747,1015,Very Good,NON WIZARD MEMBER,2738,"wz 523/1 bali nagar extension, Delhi",Delhi
436,Flagship Santosh Residency Near V3s Mall,1186,4.1,296,Very Good,NON WIZARD MEMBER,3389,"Vishwas Nagar, Delhi",Delhi
437,OYO Townhouse 511 Prakash continental Near Netaji Subhash Place Metro Station,2173,3.6,1331,Good,NON WIZARD MEMBER,6897,"Netaji Subash Palace, Delhi",Delhi
438,OYO Townhouse 381 Dilshad Garden Near Dilshad Garden Metro Station,1649,3.6,2915,Good,WIZARD MEMBER,4712,"Pocket E, Delhi",Delhi
439,Flagship Saffron Hotel Durgapuri Chowk,625,2.8,12,Fair,NON WIZARD MEMBER,1984,"100 foota GTB road durgapuri Shahdara delhi, Delhi",Delhi
440,OYO Townhouse 057 Gujranwala Town Near Azadpur Metro Station,2363,3.2,2515,Fair,WIZARD MEMBER,6751,"Tehsil, Delhi",Delhi
441,OYO Hotel Sai Near Adarsh Nagar Metro Station,664,3.3,365,Fair,WIZARD MEMBER,1897,"A Block - 19, Azadpur, New Delhi 110033",Delhi
442,OYO Flagship 81051 The Royal Hotel Stay Delhi,696,3.7952136752136747,1015,Very Good,NON WIZARD MEMBER,2208,"guru nanak pura, Delhi",Delhi
443,OYO Hotel Aura Palace Deluxe Near Gurudwara Shri Bangla Sahib,1332,3.9,2413,Good,WIZARD MEMBER,3807,"Paharganj (Near Delhi Railway Station), Delhi",Delhi
444,Flagship City Inn Dx Near Gurudwara Shri Bangla Sahib,1387,3.4,397,Fair,WIZARD MEMBER,3962,"Near RK ASHRAM, Basant Road Railway Colony, Delhi",Delhi
445,OYO Townhouse 738 Family In,1246,2.9,283,Fair,WIZARD MEMBER,3561,"RR Block Naveen Shahdara Delhi, Delhi",Delhi
446,OYO Hotel 7 Heaven Near Satyam Inox Patel Nagar,564,1.9,16,Fair,NON WIZARD MEMBER,1789,"Keshav Puram, Delhi",Delhi
447,OYO Townhouse 619 Hotel Church House Rohini Near Rohini Sector 18 Metro Station,1765,3.9,1344,Good,WIZARD MEMBER,5042,"Above Axis Bank, Near JIMS, Sector 15, Rohini, Delhi",Delhi
448,OYO Flagship 809311 Vivaan Residency,970,3.7952136752136747,1015,Very Good,NON WIZARD MEMBER,2771,"Karwal Nagar, Delhi",Delhi
449,Collection O Golden Key Near TDI Mall,631,3.1,864,Fair,WIZARD MEMBER,2322,"Near Rajdhani College, Delhi",Delhi
450, Flagship Padam Residency Near Laxmi Nagar metro ,649,2.3,174,Fair,WIZARD MEMBER,1873,"Shakarpur Khas Near Inferno Gym Block U, Delhi",Delhi
451,OYO Flagship 810595 Home Stay ,564,3.7952136752136747,1015,Very Good,NON WIZARD MEMBER,1789,"village Haiderpur, Delhi",Delhi
452,OYO Townhouse 281 Harsh Vihar. Near M2K Cinemas Rohini,2211,3.6,869,Good,WIZARD MEMBER,6317,"Near Pitampura metro , Harsh Vihar, Delhi",Delhi
453,OYO Flagship 808523 Hotel Sun Shine,703,2.9,35,Fair,NON WIZARD MEMBER,2008,"Shakarpur Main Market, Delhi",Delhi
454,Capital O Season Grand Near M2k Cinemas Rohini,1249,3.2,644,Fair,NON WIZARD MEMBER,3569,Near Pitampura metro station,Delhi
455,OYO Flagship 80769 Seven Heaven ,626,3.7952136752136747,1015,Very Good,NON WIZARD MEMBER,1789,"B-54 Lawrence Road Industrial Area Near Lawrence Road, Delhi",Delhi
456,Collection O Metro View Ashok Vihar Near Shalimar Bagh Metro Station,1257,3.8,22,Good,NON WIZARD MEMBER,3591,"Pocket C 1, Delhi",Delhi
457,OYO Flagship 808887 Hotel S Inn,1597,3.5,33,Good,NON WIZARD MEMBER,4562,"Paharganj New Delhi, Delhi",Delhi
458,Flagship Red Heart Inn,899,2.6,26,Fair,NON WIZARD MEMBER,2568,"Nathupura, Delhi",Delhi
459,OYO Dream Town Near V3S Mall,978,2.9,898,Fair,WIZARD MEMBER,2794,"Shahdara, Delhi",Delhi
460,SPOT ON Silver Green Near Netaji Subhash Chandra Bose International Airport,500,5.0,3193,Fabulous,NON WIZARD MEMBER,1945,"Mondal Ganthi Road, Kaikhali, VIP Road Kolkata 700052, West Bengal",Kolkata
461,OYO SilverKey Park Circus Near Birla Mandir,982,4.5,2329,Excellent,WIZARD MEMBER,3196,"Near S S Chatterjee Heart centre, Park Circus, Kolkata",Kolkata
462,OYO Flagship 809966 Hotel Divira Inn,599,3.7952136752136747,1015,Very Good,WIZARD MEMBER,3591,"New Town, Kolkata",Kolkata
463,OYO Ankan Regency Near Acropolis Mall,649,4.5,421,Excellent,WIZARD MEMBER,2499,"595, Rajdanga main road, Near KMDA office Kolkata, 700107",Kolkata
464,OYO Townhouse Hotel Gokul Regency Near Dum Dum Metro Station,948,4.1,4275,Very Good,NON WIZARD MEMBER,3385,"Opposite ILS Hospital, Nagerbazar, Kolkata.",Kolkata
465,OYO Townhouse 229 Hotel Mannat International Near Science City Topsia,1199,4.8,5935,Excellent,WIZARD MEMBER,4002,"Near Bypass Connector, Kolkata",Kolkata
466,OYO Flagship 3127 Sammy Hospitality,599,3.7952136752136747,1015,Very Good,WIZARD MEMBER,2332,"Salt Lake, Kolkata",Kolkata
467,Flagship Delightful Stay Em Byepass Near Birla Mandir,984,4.0,1897,Very Good,WIZARD MEMBER,2989,"Uttar Panchanna Gram, Kolkata",Kolkata
468,Flagship Sonar Bangla Guest House Near Acropolis Mall,599,4.8,592,Excellent,WIZARD MEMBER,2565,"Near G S T Bhawan, Kolkata",Kolkata
469,Flagship Hotel New Aamaze Inn Near Acropolis Mall,626,3.6,236,Good,WIZARD MEMBER,1967,"Near Vivanta Hotel, Kolkata",Kolkata
470,Flagship Fantasy Near City Centre Salt Lake,846,4.0,199,Very Good,NON WIZARD MEMBER,2417,"Salt Lake, Kolkata",Kolkata
471,Super OYO Capital O Krish Residency,1199,4.0,1212,Very Good,NON WIZARD MEMBER,6031,"Near Action Area I, New Town Bus Stand DLF1, Kolkata, West Bengal",Kolkata
472,Super OYO Townhouse 726 Hotel All In One Near City Centre Salt Lake,1878,5.0,3051,Fabulous,NON WIZARD MEMBER,5365,DL-34 Karunamoyee Near Anandalok Hospital Bidhannagar Saltlake,Kolkata
473,Super OYO Capital O Hotel Hiland International Near Acropolis Mall,1304,4.4,1729,Very Good,NON WIZARD MEMBER,3725,"Near Acropolis Mall, Rajdanga Main Road, Kolkata",Kolkata
474,Flagship Swastik Inn Near South City Mall,549,2.4,30,Fair,NON WIZARD MEMBER,2937,"Poddar Nagar, Kolkata",Kolkata
475,Collection O 74257 Gokul Residency,1056,4.9,5627,Fabulous,NON WIZARD MEMBER,3017,"Near Emami City, Nagerbazar, Dum Dum, Kolkata",Kolkata
476,OYO Flagship 809125 Hotel Om Shanti Inn,549,3.7952136752136747,1015,Very Good,WIZARD MEMBER,2912,"EM Bypass, Kolkata",Kolkata
477,Townhouse Oak Hotel Lake View Royal Near Science City,1470,4.2,850,Very Good,NON WIZARD MEMBER,4343,"East Topsia Road, Kolkata",Kolkata
478,Flagship Santoshi Banquet And Marriage Hall Near St. Thomas's Church,701,2.3,47,Fair,NON WIZARD MEMBER,2328,"Kulia, Kolkata",Kolkata
479,Flagship Royal Plaza Near Acropolis Mall,1025,4.3,2017,Very Good,WIZARD MEMBER,2928,"Near GST Bhawan, Ruby, Acropolis Mall",Kolkata
480,SPOT ON Silver Green Near Netaji Subhash Chandra Bose International Airport,500,5.0,3193,Fabulous,NON WIZARD MEMBER,1945,"Mondal Ganthi Road, Kaikhali, VIP Road Kolkata 700052, West Bengal",Kolkata
481,OYO SilverKey Park Circus Near Birla Mandir,982,4.5,2329,Excellent,WIZARD MEMBER,3196,"Near S S Chatterjee Heart centre, Park Circus, Kolkata",Kolkata
482,OYO Flagship 809966 Hotel Divira Inn,599,3.7952136752136747,1015,Very Good,WIZARD MEMBER,3591,"New Town, Kolkata",Kolkata
483,OYO Ankan Regency Near Acropolis Mall,649,4.5,421,Excellent,WIZARD MEMBER,2499,"595, Rajdanga main road, Near KMDA office Kolkata, 700107",Kolkata
484,OYO Townhouse Hotel Gokul Regency Near Dum Dum Metro Station,948,4.1,4275,Very Good,NON WIZARD MEMBER,3385,"Opposite ILS Hospital, Nagerbazar, Kolkata.",Kolkata
485,OYO Townhouse 229 Hotel Mannat International Near Science City Topsia,1199,4.8,5935,Excellent,WIZARD MEMBER,4002,"Near Bypass Connector, Kolkata",Kolkata
486,OYO Flagship 3127 Sammy Hospitality,599,3.7952136752136747,1015,Very Good,WIZARD MEMBER,2332,"Salt Lake, Kolkata",Kolkata
487,Flagship Delightful Stay Em Byepass Near Birla Mandir,984,4.0,1897,Very Good,WIZARD MEMBER,2989,"Uttar Panchanna Gram, Kolkata",Kolkata
488,Flagship Sonar Bangla Guest House Near Acropolis Mall,599,4.8,592,Excellent,WIZARD MEMBER,2565,"Near G S T Bhawan, Kolkata",Kolkata
489,Flagship Hotel New Aamaze Inn Near Acropolis Mall,626,3.6,236,Good,WIZARD MEMBER,1967,"Near Vivanta Hotel, Kolkata",Kolkata
490,Flagship Fantasy Near City Centre Salt Lake,846,4.0,199,Very Good,NON WIZARD MEMBER,2417,"Salt Lake, Kolkata",Kolkata
491,Super OYO Capital O Krish Residency,1199,4.0,1212,Very Good,NON WIZARD MEMBER,6031,"Near Action Area I, New Town Bus Stand DLF1, Kolkata, West Bengal",Kolkata
492,Super OYO Townhouse 726 Hotel All In One Near City Centre Salt Lake,1878,5.0,3051,Fabulous,NON WIZARD MEMBER,5365,DL-34 Karunamoyee Near Anandalok Hospital Bidhannagar Saltlake,Kolkata
493,Super OYO Capital O Hotel Hiland International Near Acropolis Mall,1304,4.4,1729,Very Good,NON WIZARD MEMBER,3725,"Near Acropolis Mall, Rajdanga Main Road, Kolkata",Kolkata
494,Flagship Swastik Inn Near South City Mall,549,2.4,30,Fair,NON WIZARD MEMBER,2937,"Poddar Nagar, Kolkata",Kolkata
495,Collection O 74257 Gokul Residency,1056,4.9,5627,Fabulous,NON WIZARD MEMBER,3017,"Near Emami City, Nagerbazar, Dum Dum, Kolkata",Kolkata
496,OYO Flagship 809125 Hotel Om Shanti Inn,549,3.7952136752136747,1015,Very Good,WIZARD MEMBER,2912,"EM Bypass, Kolkata",Kolkata
497,Townhouse Oak Hotel Lake View Royal Near Science City,1470,4.2,850,Very Good,NON WIZARD MEMBER,4343,"East Topsia Road, Kolkata",Kolkata
498,Flagship Santoshi Banquet And Marriage Hall Near St. Thomas's Church,701,2.3,47,Fair,NON WIZARD MEMBER,2328,"Kulia, Kolkata",Kolkata
499,Flagship Royal Plaza Near Acropolis Mall,1025,4.3,2017,Very Good,WIZARD MEMBER,2928,"Near GST Bhawan, Ruby, Acropolis Mall",Kolkata
500,SPOT ON Petals Residency Near City Centre Salt Lake,616,3.4,975,Fair,NON WIZARD MEMBER,2138,"Near PVR Diamond Plaza, Kidwai Road, Kolkata",Kolkata
501,Super OYO Capital O Hotel New All In One Near City Centre Salt Lake,1547,4.8,689,Excellent,NON WIZARD MEMBER,4421,"CK-69, CK Block, Saltlake, Sector 2, Kolkata, West Bengal, 700091",Kolkata
502,Collection O Premium Hotel Near RDB Cinemas,1076,4.9,746,Fabulous,WIZARD MEMBER,3074,"1/B/24, AL BLOCK, STREET NO.22,NEW TOWN, RAJARHAT, KOLKATA",Kolkata
503,Flagship Binayak Banquet & Ac Guest House Near Acropolis Mall,399,3.3,369,Fair,WIZARD MEMBER,1930,"Behind Binayak Marriage Hall Beside Sayambor Hall, Kolkata",Kolkata
504,Townhouse OAK Kzar Corporate Hotel Near St. Thomas's Church,1910,4.7,649,Excellent,NON WIZARD MEMBER,7032,"Sealdah - Entally, Kolkata",Kolkata
505,Flagship Mourigram Near Andul Rd,1076,4.1,7115,Very Good,WIZARD MEMBER,3074,"Howrah, Kolkata",Kolkata
506,OYO Hotel Homely Raj Near Kalighat Kali Temple,1084,4.2,1903,Very Good,WIZARD MEMBER,3097,"Manoharpukur Road, Kolkata",Kolkata
507,OYO 809839 Smriti Villa Residency,930,5.0,13,Fabulous,NON WIZARD MEMBER,2658,"Sector III, Kolkata",Kolkata
508,Collection O Bricks Inn Hazra Road Near Birla Mandir,1257,4.3,1110,Very Good,WIZARD MEMBER,3591,"Opposite Hotel Swagath, Kolkata",Kolkata
509,OYO G R Hospitality,717,4.1,779,Very Good,NON WIZARD MEMBER,2501,"VIP Road Baguihati Kolkata Airport Near Ladies Hostel, Narayantala",Kolkata
510,Collection O Hotel Comfort N Cozy Near Rdb Cinemas,626,3.9,74,Good,NON WIZARD MEMBER,1789,"Action Area I, Kolkata",Kolkata
511,Super OYO Collection O Ketan Regency Near Acropolis Mall,1283,4.5,1627,Excellent,WIZARD MEMBER,3667,953 Purbachal Road adapt House Prince Park Kalikapur (in lane between Tata chroma showroom & Yamaha Moters Showroom,Kolkata
512,Capital O Kabita Guest House Near Acropolis Mall,631,4.0,830,Very Good,NON WIZARD MEMBER,2208,Mukundapur Main Road Seven Maddox Square Multi cuisine Restaurant Kolkata EM Bye Pass Opposite Dr. Devi Shetty Hospital,Kolkata
513,OYO Trisha Guest House,891,4.4,1414,Very Good,NON WIZARD MEMBER,2545,"Behind New Life Nurshing Home, Oppssite Arati cinema, Sahabagan, Kolkata",Kolkata
514,OYO Townhouse 143 Hotel Royal Garden Near park Street Mullick bazar crossing,1641,4.7,7775,Excellent,NON WIZARD MEMBER,4688,"Near Jameson Inn, Park St, Kolkata",Kolkata
515,Super OYO Townhouse 727 Hotel The Platinum,1666,4.3,1766,Very Good,NON WIZARD MEMBER,4761,"Sector-1, Kolkata",Kolkata
516,Collection O Hotel Hamza International Near Howrah Bridge,2117,4.2,1991,Very Good,WIZARD MEMBER,6048,"Near College Street, MG Road, Kolkata",Kolkata
517,Super OYO Townhouse 1050 Centre Point Inn Near Indian Museum,2759,4.6,1528,Excellent,NON WIZARD MEMBER,7884,"Beside K C Das Sweet Esplanade Post Office, Kolkata",Kolkata
518,Flagship 78811 Royal Palace,928,4.3,1840,Very Good,WIZARD MEMBER,2652,"Near Acropolis Mall, Purba Abasan, Kolkata",Kolkata
519,OYO A Retro Near Rdb Cinemas,626,3.0,209,Fair,WIZARD MEMBER,3435,"Near Tank N0.3, New Town, Rajarhat, Kolkata",Kolkata
520,OYO 61457 Pinnacle Auberge,626,2.9,177,Fair,WIZARD MEMBER,2499,Chinar Park Kolkata International Airport Beside Spencers Rajarhat Main Road,Kolkata
521,OYO Kuber Residency Near Birla Mandir,949,3.5,1337,Good,WIZARD MEMBER,2051,"Near Tagore Park, Kasba, Kolkata",Kolkata
522,Dream Palace Near Acropolis Mall,989,4.2,774,Very Good,WIZARD MEMBER,2825,"Near Acropolis Mall, Rene Tower, Garden High school Kasba",Kolkata
523,Super OYO Flagship Airport Comfort Stay Near Noapara Metro Station,1154,4.9,2053,Fabulous,NON WIZARD MEMBER,3297,"Near Opposite To Hotel Moon Light, Bediapara, Kolkata",Kolkata
524,Flagship Apan Guest House Near Acropolis Mall,626,3.3,244,Fair,NON WIZARD MEMBER,1999,"Near Mukundapur  Bus Stop R.N Tagore Institute of Cardiac Sciences, Narayana Health, Kolkata",Kolkata
525,Flagship Dreamy Sunrise By Stayapart Near City Centre Salt Lake,626,1.5,18,Fair,NON WIZARD MEMBER,3437,"Sector F East Kolkata, Kolkata",Kolkata
526,OYO 2872 Hotel City Of Joy,878,4.2,616,Very Good,NON WIZARD MEMBER,2509,"Salt Lake, Kolkata",Kolkata
527,OYO Green Leaf Hospitality Near City Centre Salt Lake,1066,4.0,1045,Very Good,NON WIZARD MEMBER,3045,FD 390 SECTOR 3 SALT LAKE CENTRAL PARK MANI SQUARE CITY CENTRE 1,Kolkata
528,Flagship Rajarhat,634,4.4,194,Very Good,WIZARD MEMBER,2440,"Near Chinar Park , Rajarhat, Kolkata",Kolkata
529,OYO Townhouse 567 MB International,1455,3.8,1892,Good,WIZARD MEMBER,4157,"Beniapukur, Kolkata",Kolkata
530,Flagship The Paradise Inn Near Mani Square,599,2.0,23,Fair,WIZARD MEMBER,3008,"Sector Iii, Kolkata",Kolkata
531,OYO Flagship 10246 New Silver Inn,858,3.0,5,Fair,NON WIZARD MEMBER,2452,"Near Tagore Park, Tijala, Kolkata",Kolkata
532,OYO Jalan Lake View Near Mani Square,806,3.3,458,Fair,NON WIZARD MEMBER,2302,"Near Beliaghata lake side club, Phool Bagan, Kolkata",Kolkata
533,OYO Flagship Maple The Residence Near RDB Cinemas,1051,4.1,533,Very Good,NON WIZARD MEMBER,3002,"Near Coal India East Enclave DLF 1 New Town Action Area 1, Mohisgota Box Bridge, Kolkata Punjab National Bank",Kolkata
534,"Super OYO Flagship 74334 Hotel Marina Near Cit road ladies park, Park Circus",1655,4.8,2977,Excellent,NON WIZARD MEMBER,4728,"Near Ladies Park, Beniapukur, Kolkata",Kolkata
535,Flagship Relax View Dumdum Park Near City Centre Salt Lake,621,2.4,93,Fair,NON WIZARD MEMBER,2716,"Dum Dum Park, Kolkata",Kolkata
536,Collection O Hotel Green Leaf Near Acropolis Mall,1109,4.1,1268,Very Good,NON WIZARD MEMBER,3169,"Kasba, Kolkata",Kolkata
537,Flagship Majestic Inn Near Bidhanagar Station,975,3.3,794,Fair,NON WIZARD MEMBER,2825,"South Dumdum, Kolkata",Kolkata
538,Super OYO Flagship Hotel Radha Kanhaiya Near City Centre Salt Lake,1687,4.6,279,Excellent,NON WIZARD MEMBER,4821,"Sector V Kolkata West Bengal, Kolkata",Kolkata
539,Flagship The Nest Inn Near Acropolis Mall,986,4.5,275,Excellent,NON WIZARD MEMBER,2818,"Near Raj Market, Kolkata",Kolkata
540,Collection O 810477 Gariahat Inn,1317,3.7952136752136747,1015,Very Good,NON WIZARD MEMBER,4179,"Hindustan Park, Kolkata",Kolkata
541,Collection O Amishat Residency Near Rdb Cinemas,899,3.2,136,Fair,NON WIZARD MEMBER,1987,"Behind Aahirini Market, Newtown, Kolkata",Kolkata
542,OYO 700842 Smriti Villa Classic,944,3.5,33,Good,WIZARD MEMBER,2698,"IB-66, Saltlake Sec-III, Near Amri Hospital, Smart Bazaar, Saltlake Stadium, Kolkata, India",Kolkata
543,OYO 701972 Flagship Shree Corporate  Near TCS Gitabitan,705,4.1,159,Very Good,WIZARD MEMBER,2237,"Sector V, Kolkata",Kolkata
544,Collection O Church View Near St. Thomas's Church,1729,4.3,868,Very Good,NON WIZARD MEMBER,4939,"Near Brand Factory, AJC Bose Road, Maula Ali, Kolkata",Kolkata
545,Super OYO Townhouse 209 Habitat New Town,2036,4.5,2286,Excellent,NON WIZARD MEMBER,5818,"Action Area I, Kolkata",Kolkata
546,OYO Starlight Guest House Near Birla Mandir,641,3.5,736,Good,WIZARD MEMBER,2186,"Shantipally Near Acropolis Mall, Kolkata",Kolkata
547,OYO SilverKey Deshapriya Park Near Kalighat Kali Temple,1868,4.6,1307,Excellent,WIZARD MEMBER,5337,"Near EDEN GROUP BUILDING, Manoharpukur, Kolkata",Kolkata
548,Townhouse OAK Hotel 1 Lovelock,2293,4.2,1331,Very Good,NON WIZARD MEMBER,6813,"Ballygunge, Kolkata",Kolkata
549,Super OYO Collection O De Sivalika Boutique Near Dakshineswar Kali Temple,2025,4.0,661,Very Good,NON WIZARD MEMBER,5787,"Grand Trunk Road, Belur Math,Kolkata",Kolkata
550,OYO Royal Regency Near Acropolis Mall,1199,4.3,1200,Very Good,WIZARD MEMBER,2374,"Rajdanga Main Road, Kolkata",Kolkata
551,OYO Fantasy Stay Near City Centre Salt Lake,809,3.7,808,Good,WIZARD MEMBER,2316,"Near Sector 1, Bidhan Nagar, Kolkata",Kolkata
552,OYO 82103 Luxury Inn Tollygunge,930,2.9,345,Fair,NON WIZARD MEMBER,2951,"Tollygunge, Kolkata",Kolkata
553,Super OYO Flagship Adri Hotels 2 Near Dum Dum Metro Station,1458,4.6,2140,Excellent,NON WIZARD MEMBER,4165,"Near ILS Hospitals Dum Dum Nagerbazar Opposite Bhutan House, Kolkata",Kolkata
554,Super OYO Dk Inn Near Kalighat Kali Temple,1591,4.3,2042,Very Good,NON WIZARD MEMBER,4547,"Near Deshapriya Park, Kalighat, Kolkata",Kolkata
555,OYO Hotel Maruti Lodging,855,3.9,373,Good,NON WIZARD MEMBER,2499,"Above Reliance Trends, Raghunathpur, Kolkata",Kolkata
556,OYO Silver Inn Near Birla Mandir,846,3.4,706,Fair,NON WIZARD MEMBER,2417,"Near Acropolis Mall, Kashba, Kolkata",Kolkata
557,OYO Flagship 76140 H B Guest House,615,2.4,16,Fair,NON WIZARD MEMBER,1951,"Near Ruby Hospital, Kolkata",Kolkata
558,Collection O The Coco Inn Near South City Mall,1108,3.8,57,Good,NON WIZARD MEMBER,3229,"Near 13C Bus Stand, Regent Estate, Kolkata",Kolkata
559,OYO Townhouse 696 Hotel Mayfair Tower Near Acropolis Mall,1398,4.2,1164,Very Good,NON WIZARD MEMBER,3994,"Hussainpur, Kolkata",Kolkata
560,Townhouse OAK 92847 Hotel Glorious Palace Near Birla Mandir,2211,3.9,184,Good,NON WIZARD MEMBER,6317,"Near Topsia More, beside Roshan Garden & Orchid Banquet, Science City area, Kolkata",Kolkata
561,Super OYO Townhouse OAK Shubhham Regency Near City Centre Salt Lake,2339,4.9,911,Fabulous,NON WIZARD MEMBER,6682,"Bidhannagar, Kolkata",Kolkata
562,Sashi Guest House Near City Centre Salt Lake,899,4.1,14,Very Good,NON WIZARD MEMBER,2568,"Bidhan Nagar, Kolkata",Kolkata
563,Flagship Metro Inn Near City Centre Salt Lake,1051,4.1,90,Very Good,NON WIZARD MEMBER,3002,"Near Saltlake Sec V Metro, Kolkata",Kolkata
564,Super OYO Sagorika Inn,1022,5.0,626,Fabulous,NON WIZARD MEMBER,2919,Chinarpark Amenia; Arsalan,Kolkata
565,OYO Flagship 809529 Titanic Guest House,564,3.7952136752136747,1015,Very Good,NON WIZARD MEMBER,1789,"Near Bidhanagar Party Office, Kolkata",Kolkata
566,Collection O Kyd Guest House Near Indian Museum,2082,3.3,153,Fair,NON WIZARD MEMBER,5949,"700001, Kolkata",Kolkata
567,Super OYO Townhouse 75779 The Royal Retreat,1988,4.6,4930,Excellent,NON WIZARD MEMBER,5679,"Kolkata International Airport, Belghoria Express Way Noapara & Baranagar Metro Station",Kolkata
568,Super OYO Flagship 89087 Brill Rooms Saltlake City Centre,1241,3.6,517,Good,NON WIZARD MEMBER,3547,"Saltlake, Kolkata",Kolkata
569,Flagship Kalikapur Inn Near Acropolis Mall,626,2.3,10,Fair,NON WIZARD MEMBER,1789,"611-A,KALIKAPUR ROAD, KOLKATA 700078",Kolkata
570,OYO Townhouse 444 Heera Holiday Inn Near St. Thomas's Church,1910,3.3,33,Fair,NON WIZARD MEMBER,6500,"51,Elliot Road Park Street Near Assembly Of God Church Adjacent 144668:1076985",Kolkata
571,Super OYO Flagship Adri Hotels Near Dum Dum Metro Station,1462,4.4,1435,Very Good,NON WIZARD MEMBER,4178,"Near Sarojini Naidu College for Women, Golpark, Dumdum Kolkata",Kolkata
572,OYO Avenue Inn Near Birla Mandir,1342,4.2,448,Very Good,NON WIZARD MEMBER,3834,"Near By Land Mark Shyam Sundar Jewellers, Kolkata",Kolkata
573,OYO Rooms 91148 Hotel Stay Inn,1119,4.3,577,Very Good,NON WIZARD MEMBER,3198,"Action Area I, Kolkata",Kolkata
574,Collection O Revaa Near City Centre Salt Lake,1798,4.6,743,Excellent,NON WIZARD MEMBER,5137,"Bidhannagar, Kolkata",Kolkata
575,Super OYO Townhouse 1069 Aadorlys Near City Centre Salt Lake,2288,4.6,599,Excellent,NON WIZARD MEMBER,6538,"Near Saltlake Karunamoyee More, Kolkata",Kolkata
576,Super OYO Capital O 700752 Hotel Dak Plaza,1495,4.2,607,Very Good,NON WIZARD MEMBER,4272,"Near Axis Mall, CE Block, Newtown, Kolkata 700156",Kolkata
577,OYO Flagship Hotel Bypass Inn Near Birla Mandir,796,3.9,279,Good,WIZARD MEMBER,2275,"Netaji Nagar, VIP Nagar, Near Netaji Sporting Club, EM Bypass ",Kolkata
578,OYO Townhouse 095 Akash Ganga Park Circus Near Birla Mandir,2032,3.9,1441,Good,NON WIZARD MEMBER,5807,"Beniapukur, Kolkata",Kolkata
579,Collection O Aafreen Tower Near St. Thomas's Church,2247,4.1,1645,Very Good,WIZARD MEMBER,6419,"Esplanade, Kolkata",Kolkata
580,OYO Maa Tara Guest House Near Acropolis Mall,675,2.3,245,Fair,NON WIZARD MEMBER,2646,"Near R.N.Tagore Hospital, Nitainagar, Kolkata",Kolkata
581,Townhouse OAK Kzar Select Near St. Thomas's Church,2118,4.2,438,Very Good,WIZARD MEMBER,6051,"700017, Kolkata",Kolkata
582,Flagship 701201 The Buddha Guest House,896,2.5,62,Fair,WIZARD MEMBER,2716,"Near Vidyasagar Hospital, Kolkata",Kolkata
583,OYO Hotel Regency Near Acropolis Mall,1412,4.2,868,Very Good,NON WIZARD MEMBER,4034,", Kolkata",Kolkata
584,Collection O Hotel Paradise,1021,4.3,532,Very Good,WIZARD MEMBER,3355,"Kolkata West Bengal Kolkata, Kolkata",Kolkata
585,Flagship 3675 Kalighat,1458,3.8,1340,Good,NON WIZARD MEMBER,4165,"Near Raja Santosh Road, Alipore, Kolkata",Kolkata
586,OYO Ma Kali Guest House Near City Centre Salt Lake,949,2.9,168,Fair,WIZARD MEMBER,2499,"Near FD Block, Bidhannagar, Kolkata",Kolkata
587,OYO The Olive Near City Centre Salt Lake,1289,3.5,528,Good,NON WIZARD MEMBER,3684,"Near Bus Stand, Anandaloke Hospital, Cl Block, Kolkata",Kolkata
588,Capital O Hotel Gardenia Near Birla Mandir,1670,3.7,745,Good,NON WIZARD MEMBER,4771,"Near Laxminarayan Temple, Sarat Bose Road, Kolkata",Kolkata
589,Flagship Hotel Red Rose Near Noapara Metro Station,669,3.3,144,Fair,NON WIZARD MEMBER,2716,"Dum Dum, Kolkata",Kolkata
590,SPOT ON Maa Rakhakali Bhawan Near Victoria Memorial,1087,3.9,54,Good,WIZARD MEMBER,3449,"Near Shalimar Railway , Howrah 3, Kolkata",Kolkata
591,OYO Hotel Nest Near St. Thomas's Church,1252,3.7,666,Good,NON WIZARD MEMBER,3577,"Near Bata More, Royd Street, Kolkata",Kolkata
592,OYO Padmavati Projects Pvt Ltd Near Netaji Subhash Chandra Bose International Airport,873,3.5,468,Good,WIZARD MEMBER,2499,"Biswa Bangla Sarani Behind Binany Building, Chinar Park, Beside NPG Hotel, Nibedita Apartment , Kolkata 700157",Kolkata
593,Flagship Nayak Palace Inn Near Birla Mandir,1233,3.7,131,Good,NON WIZARD MEMBER,3522,"Ballygunge, Kolkata",Kolkata
594,OYO Hotel Padmavati Near Netaji Subhash Chandra Bose International Airport,989,4.0,370,Very Good,WIZARD MEMBER,2827,"Biswa Bangla Sarani Behind Binany Building, Chinar Park, Beside NPG Hotel, Nibedita Apartment , Kolkata 700157",Kolkata
595,Flagship Amaris Stay Hub VIP Bazar Near Science City,1363,3.4,477,Fair,NON WIZARD MEMBER,4084,"171D/1F/2, 49 Picnic Garden Road, VIP Bazar, Off EM Bypass, Near Science City",Kolkata
596,OYO Townhouse 424 Beck Bagan Ballygunge Near Birla Mandir,1772,3.6,372,Good,WIZARD MEMBER,5064,"Near Quest Mall, Karaya Road, Kolkata",Kolkata
597,OYO Abi's Inn Near Birla Mandir,1360,3.5,1259,Good,NON WIZARD MEMBER,3887,"Near Amri Hospital, South End Park Road, Kolkata",Kolkata
598,OYO Flagship Transit Express - Kalikapur,1334,3.7952136752136747,1015,Very Good,NON WIZARD MEMBER,3812,"Jadavpur, Kolkata",Kolkata
599,Collection O 810536 Aqua Tulip New,1874,3.7952136752136747,1015,Very Good,NON WIZARD MEMBER,5949,"Tiljala Road, Kolkata",Kolkata
600,OYO Flagship 75581 Hotel Shanavi Chinar Park,928,2.6,242,Fair,NON WIZARD MEMBER,2716,"29/2 Sayan Abasan, Nishi Kanan, Beside AR Motors, Chinar Park, Kolkata",Kolkata
601,Flagship 701333 Shree International,1120,4.0,563,Very Good,WIZARD MEMBER,3199,"Action Area I, Kolkata",Kolkata
602,Townhouse OAK Hotel Tahoura International Near St. Thomas's Church,2211,3.7,117,Good,NON WIZARD MEMBER,6733,"Repon Street, Kolkata",Kolkata
603,OYO Townhouse 92944 Hotel Pan Asia International Near Kalighat Kali Temple,1675,3.2,137,Fair,NON WIZARD MEMBER,4787,"Jatin Das Road, Kolkata",Kolkata
604,OYO Comfort Stays,1041,3.7,207,Good,NON WIZARD MEMBER,3707,"Rajarhat, Kolkata",Kolkata
605,Collection O 808564 R S Hotels,984,3.7952136752136747,1015,Very Good,NON WIZARD MEMBER,2811,"Action Area 1, Kolkata",Kolkata
606,Flagship 81224 Hotel Eden,1097,4.0,417,Very Good,NON WIZARD MEMBER,3135,"Rajarhat, Kolkata",Kolkata
607,OYO Flagship 808170 New Town Rooms,844,3.3,18,Fair,NON WIZARD MEMBER,2412,"Newtownnull, Kolkata",Kolkata
608,OYO Flagship 810398 Hotel Airport Heaven,722,3.7952136752136747,1015,Very Good,NON WIZARD MEMBER,2064,"Kaikhali, Kolkata",Kolkata
609, Collection O 80911 Spacetel,1658,3.9,59,Good,WIZARD MEMBER,4737,"Sector 3, Kolkata",Kolkata
610,Collection O Bangur Inn VIP Rd. Near City Centre Salt Lake,1445,2.8,29,Fair,NON WIZARD MEMBER,4128,"288/2 Bangur Avenue Block B, Near Bangur Swimming Pool Jessore Road Diamond Plaza Mall Nagerbazar ",Kolkata
611,Capital O Hotel Heritage,1679,3.7,721,Good,NON WIZARD MEMBER,4797,"Teghoria, VIP Road, Kolkata Raghunathpur, Kolkata Airport Haldiram",Kolkata
612,Collection O 76651 Dovers Inn,1767,3.1,307,Fair,WIZARD MEMBER,5049,"Opp Gariahat Police Station, Kolkata",Kolkata
613,Flagship Divya Jyoti Inn Near RDB Cinemas,1591,3.5,407,Good,NON WIZARD MEMBER,5129,"AI 87 Street No 23 Action Area 1 Newtown, Rajarhat",Kolkata
614,Collection O 14155 Tulsi Palace,1372,4.1,70,Very Good,NON WIZARD MEMBER,3919,", Kolkata",Kolkata
615,Flagship 13132 Shivaalay Inn,1411,3.7,521,Good,NON WIZARD MEMBER,4187,"AI - 34, Street No - 33, Tank No-3, Newtown Rajarhat",Kolkata
616,OYO Home Cozy Studio Collage Square Hotel Maya International Near St. Thomas's Church,1411,4.1,879,Very Good,WIZARD MEMBER,4187,Near city college Opp 68 Satsang Ashram Kolkata,Kolkata
617,Flagship Swapan Guest House Near City Centre Salt Lake,1411,4.0,423,Very Good,NON WIZARD MEMBER,4187,"Saltlake, Kolkata",Kolkata
618,OYO Flagship Hotel Om Shanti Palace Near Acropolis Mall,1411,4.0,77,Very Good,NON WIZARD MEMBER,4187,Kalikapur Spencer,Kolkata
619,Collection O Avenue Regency Near Kalighat Kali Temple,1411,4.3,318,Very Good,NON WIZARD MEMBER,4187,"Tollygunge, Kolkata",Kolkata
